<variables>
  <variable name="K555" valueType="integer" entityType="Participant" unit="" mimeType="" referencedEntityType="" index="0">
    <attributes>
      <attribute name="Source" namespace="Mlstr_area" valueType="text">Other</attribute>
      <attribute name="Target" namespace="Mlstr_area" valueType="text">Participant</attribute>
      <attribute name="Cognitive_psychological_measures" namespace="Mlstr_area" valueType="text">Cognitive_functioning</attribute>
      <attribute name="label" valueType="text" locale="en">7 min screen (clock drawing)</attribute>
      <attribute name="CHECK" valueType="text">COUNTIF(I20:Y20,&quot;*&quot;)</attribute>
    </attributes>
  </variable>
  <variable name="K556s" valueType="integer" entityType="Participant" unit="" mimeType="" referencedEntityType="" index="0">
    <attributes>
      <attribute name="Source" namespace="Mlstr_area" valueType="text">Other</attribute>
      <attribute name="Target" namespace="Mlstr_area" valueType="text">Participant</attribute>
      <attribute name="Cognitive_psychological_measures" namespace="Mlstr_area" valueType="text">Cognitive_functioning</attribute>
      <attribute name="label" valueType="text" locale="en">7 min screen (enhanced cued recall spontaneous)</attribute>
      <attribute name="CHECK" valueType="text">COUNTIF(I21:Y21,&quot;*&quot;)</attribute>
    </attributes>
  </variable>
  <variable name="K556" valueType="integer" entityType="Participant" unit="" mimeType="" referencedEntityType="" index="0">
    <attributes>
      <attribute name="Source" namespace="Mlstr_area" valueType="text">Other</attribute>
      <attribute name="Target" namespace="Mlstr_area" valueType="text">Participant</attribute>
      <attribute name="Cognitive_psychological_measures" namespace="Mlstr_area" valueType="text">Cognitive_functioning</attribute>
      <attribute name="label" valueType="text" locale="en">7 min screen (enhanced cued recall total)</attribute>
      <attribute name="CHECK" valueType="text">COUNTIF(I22:Y22,&quot;*&quot;)</attribute>
    </attributes>
  </variable>
  <variable name="K558" valueType="integer" entityType="Participant" unit="" mimeType="" referencedEntityType="" index="0">
    <attributes>
      <attribute name="Source" namespace="Mlstr_area" valueType="text">Other</attribute>
      <attribute name="Target" namespace="Mlstr_area" valueType="text">Participant</attribute>
      <attribute name="Cognitive_psychological_measures" namespace="Mlstr_area" valueType="text">Cognitive_functioning</attribute>
      <attribute name="label" valueType="text" locale="en">7 min screen (temporal orientation)</attribute>
      <attribute name="CHECK" valueType="text">COUNTIF(I23:Y23,&quot;*&quot;)</attribute>
    </attributes>
  </variable>
  <variable name="K557" valueType="integer" entityType="Participant" unit="" mimeType="" referencedEntityType="" index="0">
    <attributes>
      <attribute name="Source" namespace="Mlstr_area" valueType="text">Other</attribute>
      <attribute name="Target" namespace="Mlstr_area" valueType="text">Participant</attribute>
      <attribute name="Cognitive_psychological_measures" namespace="Mlstr_area" valueType="text">Cognitive_functioning</attribute>
      <attribute name="label" valueType="text" locale="en">7 min screen (verbal fluency)</attribute>
      <attribute name="CHECK" valueType="text">COUNTIF(I24:Y24,&quot;*&quot;)</attribute>
    </attributes>
  </variable>
  <variable name="AGE88" valueType="integer" entityType="Participant" unit="years" mimeType="" referencedEntityType="" index="0">
    <attributes>
      <attribute name="Source" namespace="Mlstr_area" valueType="text">Questionnaire</attribute>
      <attribute name="Target" namespace="Mlstr_area" valueType="text">Participant</attribute>
      <attribute name="Sociodemographic_economic_characteristics" namespace="Mlstr_area" valueType="text">Age</attribute>
      <attribute name="label" valueType="text" locale="en">Age</attribute>
      <attribute name="CHECK" valueType="text">COUNTIF(I38:Y38,&quot;*&quot;)</attribute>
    </attributes>
  </variable>
  <variable name="K731" valueType="integer" entityType="Participant" unit="" mimeType="" referencedEntityType="" index="0">
    <attributes>
      <attribute name="Source" namespace="Mlstr_area" valueType="text">Physical measure</attribute>
      <attribute name="Physical_measures" namespace="Mlstr_area" valueType="text">Circulation_respiration</attribute>
      <attribute name="Target" namespace="Mlstr_area" valueType="text">Participant</attribute>
      <attribute name="label" valueType="text" locale="en">Arrythmias (8.X)</attribute>
      <attribute name="CHECK" valueType="text">COUNTIF(I70:Y70,&quot;*&quot;)</attribute>
    </attributes>
    <categories>
      <category name="0">
        <attributes>
          <attribute name="label" valueType="text" locale="en">No</attribute>
        </attributes>
      </category>
      <category name="1">
        <attributes>
          <attribute name="label" valueType="text" locale="en">Yes</attribute>
        </attributes>
      </category>
    </categories>
  </variable>
  <variable name="K733" valueType="integer" entityType="Participant" unit="" mimeType="" referencedEntityType="" index="0">
    <attributes>
      <attribute name="Source" namespace="Mlstr_area" valueType="text">Questionnaire</attribute>
      <attribute name="Target" namespace="Mlstr_area" valueType="text">Participant</attribute>
      <attribute name="Health_status_functional_limitations" namespace="Mlstr_area" valueType="text">Use _devices</attribute>
      <attribute name="label" valueType="text" locale="en">Artificial pacemaker (6.8)</attribute>
      <attribute name="CHECK" valueType="text">COUNTIF(I74:Y74,&quot;*&quot;)</attribute>
    </attributes>
    <categories>
      <category name="0">
        <attributes>
          <attribute name="label" valueType="text" locale="en">No</attribute>
        </attributes>
      </category>
      <category name="1">
        <attributes>
          <attribute name="label" valueType="text" locale="en">Yes</attribute>
        </attributes>
      </category>
    </categories>
  </variable>
  <variable name="K730" valueType="integer" entityType="Participant" unit="" mimeType="" referencedEntityType="" index="0">
    <attributes>
      <attribute name="Source" namespace="Mlstr_area" valueType="text">Physical measure</attribute>
      <attribute name="Physical_measures" namespace="Mlstr_area" valueType="text">Circulation_respiration</attribute>
      <attribute name="Target" namespace="Mlstr_area" valueType="text">Participant</attribute>
      <attribute name="label" valueType="text" locale="en">Atrial fibrillation/ flutter (8.3)</attribute>
      <attribute name="CHECK" valueType="text">COUNTIF(I95:Y95,&quot;*&quot;)</attribute>
    </attributes>
    <categories>
      <category name="0">
        <attributes>
          <attribute name="label" valueType="text" locale="en">No</attribute>
        </attributes>
      </category>
      <category name="1">
        <attributes>
          <attribute name="label" valueType="text" locale="en">Yes</attribute>
        </attributes>
      </category>
    </categories>
  </variable>
  <variable name="K727" valueType="integer" entityType="Participant" unit="" mimeType="" referencedEntityType="" index="0">
    <attributes>
      <attribute name="Source" namespace="Mlstr_area" valueType="text">Physical measure</attribute>
      <attribute name="Physical_measures" namespace="Mlstr_area" valueType="text">Circulation_respiration</attribute>
      <attribute name="Target" namespace="Mlstr_area" valueType="text">Participant</attribute>
      <attribute name="label" valueType="text" locale="en">AV conduction defects (6.X)</attribute>
      <attribute name="CHECK" valueType="text">COUNTIF(I106:Y106,&quot;*&quot;)</attribute>
    </attributes>
    <categories>
      <category name="0">
        <attributes>
          <attribute name="label" valueType="text" locale="en">No</attribute>
        </attributes>
      </category>
      <category name="1">
        <attributes>
          <attribute name="label" valueType="text" locale="en">Yes</attribute>
        </attributes>
      </category>
    </categories>
  </variable>
  <variable name="K298" valueType="integer" entityType="Participant" unit="%" mimeType="" referencedEntityType="" index="0">
    <attributes>
      <attribute name="Source" namespace="Mlstr_area" valueType="text">Biosample</attribute>
      <attribute name="Laboratory_measures" namespace="Mlstr_areas" valueType="text">Biochemistry</attribute>
      <attribute name="Target" namespace="Mlstr_area" valueType="text">Participant</attribute>
      <attribute name="label" valueType="text" locale="en">B-HbA1c</attribute>
      <attribute name="CHECK" valueType="text">COUNTIF(I111:Y111,&quot;*&quot;)</attribute>
    </attributes>
  </variable>
  <variable name="K290" valueType="integer" entityType="Participant" unit="kg/m2" mimeType="" referencedEntityType="" index="0">
    <attributes>
      <attribute name="Source" namespace="Mlstr_area" valueType="text">Physical measure</attribute>
      <attribute name="Physical_measures" namespace="Mlstr_area" valueType="text">Anthropo_measures</attribute>
      <attribute name="Target" namespace="Mlstr_area" valueType="text">Participant</attribute>
      <attribute name="label" valueType="text" locale="en">BMI</attribute>
      <attribute name="CHECK" valueType="text">COUNTIF(I117:Y117,&quot;*&quot;)</attribute>
    </attributes>
  </variable>
  <variable name="K977" valueType="integer" entityType="Participant" unit="cm" mimeType="" referencedEntityType="" index="0">
    <attributes>
      <attribute name="Source" namespace="Mlstr_area" valueType="text">Physical measure</attribute>
      <attribute name="Physical_measures" namespace="Mlstr_area" valueType="text">Anthropo_measures</attribute>
      <attribute name="Target" namespace="Mlstr_area" valueType="text">Participant</attribute>
      <attribute name="label" valueType="text" locale="en">Calf circumf.</attribute>
      <attribute name="CHECK" valueType="text">COUNTIF(I132:Y132,&quot;*&quot;)</attribute>
    </attributes>
  </variable>
  <variable name="K367" valueType="integer" entityType="Participant" unit="seconds" mimeType="" referencedEntityType="" index="0">
    <attributes>
      <attribute name="Source" namespace="Mlstr_area" valueType="text">Physical measure</attribute>
      <attribute name="Physical_measures" namespace="Mlstr_area" valueType="text">Muscles_skeleton_mobility</attribute>
      <attribute name="Target" namespace="Mlstr_area" valueType="text">Participant</attribute>
      <attribute name="label" valueType="text" locale="en">Chair stand</attribute>
      <attribute name="CHECK" valueType="text">COUNTIF(I168:Y168,&quot;*&quot;)</attribute>
    </attributes>
  </variable>
  <variable name="K018" valueType="integer" entityType="Participant" unit="mmHg" mimeType="" referencedEntityType="" index="0">
    <attributes>
      <attribute name="Source" namespace="Mlstr_area" valueType="text">Physical measure</attribute>
      <attribute name="Physical_measures" namespace="Mlstr_area" valueType="text">Circulation_respiration</attribute>
      <attribute name="Target" namespace="Mlstr_area" valueType="text">Participant</attribute>
      <attribute name="label" valueType="text" locale="en">DBP standing</attribute>
      <attribute name="CHECK" valueType="text">COUNTIF(I195:Y195,&quot;*&quot;)</attribute>
    </attributes>
  </variable>
  <variable name="K014" valueType="integer" entityType="Participant" unit="mmHg" mimeType="" referencedEntityType="" index="0">
    <attributes>
      <attribute name="Source" namespace="Mlstr_area" valueType="text">Physical measure</attribute>
      <attribute name="Physical_measures" namespace="Mlstr_area" valueType="text">Circulation_respiration</attribute>
      <attribute name="Target" namespace="Mlstr_area" valueType="text">Participant</attribute>
      <attribute name="label" valueType="text" locale="en">DBP supine</attribute>
      <attribute name="CHECK" valueType="text">COUNTIF(I205:Y205,&quot;*&quot;)</attribute>
    </attributes>
  </variable>
  <variable name="K369" valueType="integer" entityType="Participant" unit="" mimeType="" referencedEntityType="" index="0">
    <attributes>
      <attribute name="Source" namespace="Mlstr_area" valueType="text">Questionnaire</attribute>
      <attribute name="Physical_measures" namespace="Mlstr_area" valueType="text">Anthropo_measures</attribute>
      <attribute name="Target" namespace="Mlstr_area" valueType="text">Participant</attribute>
      <attribute name="label" valueType="text" locale="en">Dominant hand</attribute>
      <attribute name="CHECK" valueType="text">COUNTIF(I342:Y342,&quot;*&quot;)</attribute>
    </attributes>
    <categories>
      <category name="1">
        <attributes>
          <attribute name="label" valueType="text" locale="en">Right</attribute>
        </attributes>
      </category>
      <category name="2">
        <attributes>
          <attribute name="label" valueType="text" locale="en">Left</attribute>
        </attributes>
      </category>
      <category name="3">
        <attributes>
          <attribute name="label" valueType="text" locale="en">Both</attribute>
        </attributes>
      </category>
    </categories>
  </variable>
  <variable name="K399" valueType="integer" entityType="Participant" unit="" mimeType="" referencedEntityType="" index="0">
    <attributes>
      <attribute name="Source" namespace="Mlstr_area" valueType="text">Physical measure</attribute>
      <attribute name="Physical_measures" namespace="Mlstr_area" valueType="text">Circulation_respiration</attribute>
      <attribute name="Target" namespace="Mlstr_area" valueType="text">Participant</attribute>
      <attribute name="label" valueType="text" locale="en">ECG status</attribute>
      <attribute name="CHECK" valueType="text">COUNTIF(I412:Y412,&quot;*&quot;)</attribute>
    </attributes>
    <categories>
      <category name="0">
        <attributes>
          <attribute name="label" valueType="text" locale="en">Abnormal ECG</attribute>
        </attributes>
      </category>
      <category name="1">
        <attributes>
          <attribute name="label" valueType="text" locale="en">Normal</attribute>
        </attributes>
      </category>
    </categories>
  </variable>
  <variable name="DAT88" valueType="date" entityType="Participant" unit="" mimeType="" referencedEntityType="" index="0">
    <attributes>
      <attribute name="Source" namespace="Mlstr_area" valueType="text">Questionnaire</attribute>
      <attribute name="Target" namespace="Mlstr_area" valueType="text">Participant</attribute>
      <attribute name="Administrative_information" namespace="Mlstr_areas" valueType="text">Date_time_related_info</attribute>
      <attribute name="label" valueType="text" locale="en">Examination date</attribute>
      <attribute name="CHECK" valueType="text">COUNTIF(I422:Y422,&quot;*&quot;)</attribute>
    </attributes>
  </variable>
  <variable name="K371" valueType="integer" entityType="Participant" unit="liter" mimeType="" referencedEntityType="" index="0">
    <attributes>
      <attribute name="Source" namespace="Mlstr_area" valueType="text">Physical measure</attribute>
      <attribute name="Physical_measures" namespace="Mlstr_area" valueType="text">Circulation_respiration</attribute>
      <attribute name="Target" namespace="Mlstr_area" valueType="text">Participant</attribute>
      <attribute name="label" valueType="text" locale="en">Forced expiratory volume 1</attribute>
      <attribute name="CHECK" valueType="text">COUNTIF(I485:Y485,&quot;*&quot;)</attribute>
    </attributes>
  </variable>
  <variable name="K366f" valueType="integer" entityType="Participant" unit="seconds" mimeType="" referencedEntityType="" index="0">
    <attributes>
      <attribute name="Source" namespace="Mlstr_area" valueType="text">Physical measure</attribute>
      <attribute name="Physical_measures" namespace="Mlstr_area" valueType="text">Muscles_skeleton_mobility</attribute>
      <attribute name="Target" namespace="Mlstr_area" valueType="text">Participant</attribute>
      <attribute name="label" valueType="text" locale="en">Gait speed fast</attribute>
      <attribute name="CHECK" valueType="text">COUNTIF(I487:Y487,&quot;*&quot;)</attribute>
    </attributes>
  </variable>
  <variable name="K366n" valueType="integer" entityType="Participant" unit="seconds" mimeType="" referencedEntityType="" index="0">
    <attributes>
      <attribute name="Source" namespace="Mlstr_area" valueType="text">Physical measure</attribute>
      <attribute name="Physical_measures" namespace="Mlstr_area" valueType="text">Muscles_skeleton_mobility</attribute>
      <attribute name="Target" namespace="Mlstr_area" valueType="text">Participant</attribute>
      <attribute name="label" valueType="text" locale="en">Gait speed normal</attribute>
      <attribute name="CHECK" valueType="text">COUNTIF(I488:Y488,&quot;*&quot;)</attribute>
    </attributes>
  </variable>
  <variable name="K362" valueType="integer" entityType="Participant" unit="" mimeType="" referencedEntityType="" index="0">
    <attributes>
      <attribute name="Source" namespace="Mlstr_area" valueType="text">Questionnaire</attribute>
      <attribute name="Target" namespace="Mlstr_area" valueType="text">Participant</attribute>
      <attribute name="Cognitive_psychological_measures" namespace="Mlstr_area" valueType="text">Psychological_emotional_distress</attribute>
      <attribute name="label" valueType="text" locale="en">Geriatric depression scale-20</attribute>
      <attribute name="CHECK" valueType="text">COUNTIF(I489:Y489,&quot;*&quot;)</attribute>
    </attributes>
  </variable>
  <variable name="K368l" valueType="integer" entityType="Participant" unit="kg" mimeType="" referencedEntityType="" index="0">
    <attributes>
      <attribute name="Source" namespace="Mlstr_area" valueType="text">Physical measure</attribute>
      <attribute name="Physical_measures" namespace="Mlstr_area" valueType="text">Muscles_skeleton_mobility</attribute>
      <attribute name="Target" namespace="Mlstr_area" valueType="text">Participant</attribute>
      <attribute name="label" valueType="text" locale="en">Handgrip strength left</attribute>
      <attribute name="CHECK" valueType="text">COUNTIF(I494:Y494,&quot;*&quot;)</attribute>
    </attributes>
  </variable>
  <variable name="K368r" valueType="integer" entityType="Participant" unit="kg" mimeType="" referencedEntityType="" index="0">
    <attributes>
      <attribute name="Source" namespace="Mlstr_area" valueType="text">Physical measure</attribute>
      <attribute name="Physical_measures" namespace="Mlstr_area" valueType="text">Muscles_skeleton_mobility</attribute>
      <attribute name="Target" namespace="Mlstr_area" valueType="text">Participant</attribute>
      <attribute name="label" valueType="text" locale="en">Handgrip strength right</attribute>
      <attribute name="CHECK" valueType="text">COUNTIF(I495:Y495,&quot;*&quot;)</attribute>
    </attributes>
  </variable>
  <variable name="K746" valueType="integer" entityType="Participant" unit="" mimeType="" referencedEntityType="" index="0">
    <attributes>
      <attribute name="Source" namespace="Mlstr_area" valueType="text">Physical measure</attribute>
      <attribute name="Physical_measures" namespace="Mlstr_area" valueType="text">Circulation_respiration</attribute>
      <attribute name="Target" namespace="Mlstr_area" valueType="text">Participant</attribute>
      <attribute name="label" valueType="text" locale="en">Heard rate</attribute>
      <attribute name="CHECK" valueType="text">COUNTIF(I508:Y508,&quot;*&quot;)</attribute>
    </attributes>
  </variable>
  <variable name="K010" valueType="integer" entityType="Participant" unit="cm" mimeType="" referencedEntityType="" index="0">
    <attributes>
      <attribute name="Source" namespace="Mlstr_area" valueType="text">Physical measure</attribute>
      <attribute name="Physical_measures" namespace="Mlstr_area" valueType="text">Anthropo_measures</attribute>
      <attribute name="Target" namespace="Mlstr_area" valueType="text">Participant</attribute>
      <attribute name="label" valueType="text" locale="en">Height</attribute>
      <attribute name="CHECK" valueType="text">COUNTIF(I514:Y514,&quot;*&quot;)</attribute>
    </attributes>
  </variable>
  <variable name="K973" valueType="integer" entityType="Participant" unit="cm" mimeType="" referencedEntityType="" index="0">
    <attributes>
      <attribute name="Source" namespace="Mlstr_area" valueType="text">Physical measure</attribute>
      <attribute name="Physical_measures" namespace="Mlstr_area" valueType="text">Anthropo_measures</attribute>
      <attribute name="Target" namespace="Mlstr_area" valueType="text">Participant</attribute>
      <attribute name="label" valueType="text" locale="en">Hip circumf.</attribute>
      <attribute name="CHECK" valueType="text">COUNTIF(I522:Y522,&quot;*&quot;)</attribute>
    </attributes>
  </variable>
  <variable name="K363" valueType="integer" entityType="Participant" unit="" mimeType="" referencedEntityType="" index="0">
    <attributes>
      <attribute name="Source" namespace="Mlstr_area" valueType="text">Questionnaire</attribute>
      <attribute name="Target" namespace="Mlstr_area" valueType="text">Participant</attribute>
      <attribute name="Health_status_functional_limitations" namespace="Mlstr_area" valueType="text">Act_daily_living</attribute>
      <attribute name="label" valueType="text" locale="en">Instrumental activities of daily living scale</attribute>
      <attribute name="CHECK" valueType="text">COUNTIF(I541:Y541,&quot;*&quot;)</attribute>
    </attributes>
  </variable>
  <variable name="K728" valueType="integer" entityType="Participant" unit="" mimeType="" referencedEntityType="" index="0">
    <attributes>
      <attribute name="Source" namespace="Mlstr_area" valueType="text">Physical measure</attribute>
      <attribute name="Physical_measures" namespace="Mlstr_area" valueType="text">Circulation_respiration</attribute>
      <attribute name="Target" namespace="Mlstr_area" valueType="text">Participant</attribute>
      <attribute name="label" valueType="text" locale="en">Left bundle branch block (7.1)</attribute>
      <attribute name="CHECK" valueType="text">COUNTIF(I592:Y592,&quot;*&quot;)</attribute>
    </attributes>
    <categories>
      <category name="0">
        <attributes>
          <attribute name="label" valueType="text" locale="en">No</attribute>
        </attributes>
      </category>
      <category name="1">
        <attributes>
          <attribute name="label" valueType="text" locale="en">Yes</attribute>
        </attributes>
      </category>
    </categories>
  </variable>
  <variable name="K747" valueType="integer" entityType="Participant" unit="" mimeType="" referencedEntityType="" index="0">
    <attributes>
      <attribute name="Source" namespace="Mlstr_area" valueType="text">Physical measure</attribute>
      <attribute name="Physical_measures" namespace="Mlstr_area" valueType="text">Circulation_respiration</attribute>
      <attribute name="Target" namespace="Mlstr_area" valueType="text">Participant</attribute>
      <attribute name="label" valueType="text" locale="en">LV strain</attribute>
      <attribute name="CHECK" valueType="text">COUNTIF(I605:Y605,&quot;*&quot;)</attribute>
    </attributes>
    <categories>
      <category name="0">
        <attributes>
          <attribute name="label" valueType="text" locale="en">No</attribute>
        </attributes>
      </category>
      <category name="1">
        <attributes>
          <attribute name="label" valueType="text" locale="en">Yes</attribute>
        </attributes>
      </category>
    </categories>
  </variable>
  <variable name="K553" valueType="integer" entityType="Participant" unit="" mimeType="" referencedEntityType="" index="0">
    <attributes>
      <attribute name="Source" namespace="Mlstr_area" valueType="text">Questionnaire</attribute>
      <attribute name="Target" namespace="Mlstr_area" valueType="text">Participant</attribute>
      <attribute name="Cognitive_psychological_measures" namespace="Mlstr_area" valueType="text">Cognitive_functioning</attribute>
      <attribute name="label" valueType="text" locale="en">Mini mental state examination</attribute>
      <attribute name="CHECK" valueType="text">COUNTIF(I615:Y615,&quot;*&quot;)</attribute>
    </attributes>
  </variable>
  <variable name="K361" valueType="integer" entityType="Participant" unit="" mimeType="" referencedEntityType="" index="0">
    <attributes>
      <attribute name="Lifestyle_behaviours" namespace="Mlstr_area" valueType="text">Nutrition</attribute>
      <attribute name="Source" namespace="Mlstr_area" valueType="text">Questionnaire</attribute>
      <attribute name="Target" namespace="Mlstr_area" valueType="text">Participant</attribute>
      <attribute name="label" valueType="text" locale="en">Mini nutritional assessment</attribute>
      <attribute name="CHECK" valueType="text">COUNTIF(I617:Y617,&quot;*&quot;)</attribute>
    </attributes>
  </variable>
  <variable name="K976" valueType="integer" entityType="Participant" unit="cm" mimeType="" referencedEntityType="" index="0">
    <attributes>
      <attribute name="Source" namespace="Mlstr_area" valueType="text">Physical measure</attribute>
      <attribute name="Physical_measures" namespace="Mlstr_area" valueType="text">Anthropo_measures</attribute>
      <attribute name="Target" namespace="Mlstr_area" valueType="text">Participant</attribute>
      <attribute name="label" valueType="text" locale="en">Overarm circumf.</attribute>
      <attribute name="CHECK" valueType="text">COUNTIF(I654:Y654,&quot;*&quot;)</attribute>
    </attributes>
  </variable>
  <variable name="K370" valueType="integer" entityType="Participant" unit="l/min" mimeType="" referencedEntityType="" index="0">
    <attributes>
      <attribute name="Source" namespace="Mlstr_area" valueType="text">Physical measure</attribute>
      <attribute name="Physical_measures" namespace="Mlstr_area" valueType="text">Circulation_respiration</attribute>
      <attribute name="Target" namespace="Mlstr_area" valueType="text">Participant</attribute>
      <attribute name="label" valueType="text" locale="en">Peak expiratory flow</attribute>
      <attribute name="CHECK" valueType="text">COUNTIF(I656:Y656,&quot;*&quot;)</attribute>
    </attributes>
  </variable>
  <variable name="K319" valueType="integer" entityType="Participant" unit="mmol/L" mimeType="" referencedEntityType="" index="0">
    <attributes>
      <attribute name="Source" namespace="Mlstr_area" valueType="text">Biosample</attribute>
      <attribute name="Laboratory_measures" namespace="Mlstr_areas" valueType="text">Biochemistry</attribute>
      <attribute name="Target" namespace="Mlstr_area" valueType="text">Participant</attribute>
      <attribute name="label" valueType="text" locale="en">P-Glukos 0 min</attribute>
      <attribute name="CHECK" valueType="text">COUNTIF(I660:Y660,&quot;*&quot;)</attribute>
    </attributes>
  </variable>
  <variable name="K323" valueType="integer" entityType="Participant" unit="mmol/L" mimeType="" referencedEntityType="" index="0">
    <attributes>
      <attribute name="Source" namespace="Mlstr_area" valueType="text">Biosample</attribute>
      <attribute name="Laboratory_measures" namespace="Mlstr_areas" valueType="text">Biochemistry</attribute>
      <attribute name="Target" namespace="Mlstr_area" valueType="text">Participant</attribute>
      <attribute name="label" valueType="text" locale="en">P-Glukos 120 min</attribute>
      <attribute name="CHECK" valueType="text">COUNTIF(I661:Y661,&quot;*&quot;)</attribute>
    </attributes>
  </variable>
  <variable name="K320" valueType="integer" entityType="Participant" unit="mmol/L" mimeType="" referencedEntityType="" index="0">
    <attributes>
      <attribute name="Source" namespace="Mlstr_area" valueType="text">Biosample</attribute>
      <attribute name="Laboratory_measures" namespace="Mlstr_areas" valueType="text">Biochemistry</attribute>
      <attribute name="Target" namespace="Mlstr_area" valueType="text">Participant</attribute>
      <attribute name="label" valueType="text" locale="en">P-Glukos 30 min</attribute>
      <attribute name="CHECK" valueType="text">COUNTIF(I662:Y662,&quot;*&quot;)</attribute>
    </attributes>
  </variable>
  <variable name="K021" valueType="integer" entityType="Participant" unit="beats/min" mimeType="" referencedEntityType="" index="0">
    <attributes>
      <attribute name="Source" namespace="Mlstr_area" valueType="text">Physical measure</attribute>
      <attribute name="Physical_measures" namespace="Mlstr_area" valueType="text">Circulation_respiration</attribute>
      <attribute name="Target" namespace="Mlstr_area" valueType="text">Participant</attribute>
      <attribute name="label" valueType="text" locale="en">Pulse rate standing</attribute>
      <attribute name="CHECK" valueType="text">COUNTIF(I687:Y687,&quot;*&quot;)</attribute>
    </attributes>
  </variable>
  <variable name="K019" valueType="integer" entityType="Participant" unit="beats/min" mimeType="" referencedEntityType="" index="0">
    <attributes>
      <attribute name="Source" namespace="Mlstr_area" valueType="text">Physical measure</attribute>
      <attribute name="Physical_measures" namespace="Mlstr_area" valueType="text">Circulation_respiration</attribute>
      <attribute name="Target" namespace="Mlstr_area" valueType="text">Participant</attribute>
      <attribute name="label" valueType="text" locale="en">Pulse rate supine</attribute>
      <attribute name="CHECK" valueType="text">COUNTIF(I688:Y688,&quot;*&quot;)</attribute>
    </attributes>
  </variable>
  <variable name="K720" valueType="integer" entityType="Participant" unit="" mimeType="" referencedEntityType="" index="0">
    <attributes>
      <attribute name="Source" namespace="Mlstr_area" valueType="text">Physical measure</attribute>
      <attribute name="Physical_measures" namespace="Mlstr_area" valueType="text">Circulation_respiration</attribute>
      <attribute name="Target" namespace="Mlstr_area" valueType="text">Participant</attribute>
      <attribute name="label" valueType="text" locale="en">Q OR QS pattern (1.1)</attribute>
      <attribute name="CHECK" valueType="text">COUNTIF(I693:Y693,&quot;*&quot;)</attribute>
    </attributes>
    <categories>
      <category name="0">
        <attributes>
          <attribute name="label" valueType="text" locale="en">No</attribute>
        </attributes>
      </category>
      <category name="1">
        <attributes>
          <attribute name="label" valueType="text" locale="en">Yes</attribute>
        </attributes>
      </category>
    </categories>
  </variable>
  <variable name="K721X" valueType="integer" entityType="Participant" unit="" mimeType="" referencedEntityType="" index="0">
    <attributes>
      <attribute name="Source" namespace="Mlstr_area" valueType="text">Physical measure</attribute>
      <attribute name="Physical_measures" namespace="Mlstr_area" valueType="text">Circulation_respiration</attribute>
      <attribute name="Target" namespace="Mlstr_area" valueType="text">Participant</attribute>
      <attribute name="label" valueType="text" locale="en">Q OR QS pattern (1.2)</attribute>
      <attribute name="CHECK" valueType="text">COUNTIF(I696:Y696,&quot;*&quot;)</attribute>
    </attributes>
    <categories>
      <category name="0">
        <attributes>
          <attribute name="label" valueType="text" locale="en">No</attribute>
        </attributes>
      </category>
      <category name="1">
        <attributes>
          <attribute name="label" valueType="text" locale="en">Yes</attribute>
        </attributes>
      </category>
    </categories>
  </variable>
  <variable name="K360" valueType="integer" entityType="Participant" unit="" mimeType="" referencedEntityType="" index="0">
    <attributes>
      <attribute name="Source" namespace="Mlstr_area" valueType="text">Questionnaire</attribute>
      <attribute name="Target" namespace="Mlstr_area" valueType="text">Participant</attribute>
      <attribute name="Health_status_functional_limitations" namespace="Mlstr_area" valueType="text">Qual_life</attribute>
      <attribute name="label" valueType="text" locale="en">Quality of life scale</attribute>
      <attribute name="CHECK" valueType="text">COUNTIF(I708:Y708,&quot;*&quot;)</attribute>
    </attributes>
  </variable>
  <variable name="K975" valueType="integer" entityType="Participant" unit="cm" mimeType="" referencedEntityType="" index="0">
    <attributes>
      <attribute name="Source" namespace="Mlstr_area" valueType="text">Physical measure</attribute>
      <attribute name="Physical_measures" namespace="Mlstr_area" valueType="text">Anthropo_measures</attribute>
      <attribute name="Target" namespace="Mlstr_area" valueType="text">Participant</attribute>
      <attribute name="label" valueType="text" locale="en">Sagittal abdomen diameter</attribute>
      <attribute name="CHECK" valueType="text">COUNTIF(I727:Y727,&quot;*&quot;)</attribute>
    </attributes>
  </variable>
  <variable name="K017" valueType="integer" entityType="Participant" unit="mmHg" mimeType="" referencedEntityType="" index="0">
    <attributes>
      <attribute name="Source" namespace="Mlstr_area" valueType="text">Physical measure</attribute>
      <attribute name="Physical_measures" namespace="Mlstr_area" valueType="text">Circulation_respiration</attribute>
      <attribute name="Target" namespace="Mlstr_area" valueType="text">Participant</attribute>
      <attribute name="label" valueType="text" locale="en">SBP standing</attribute>
      <attribute name="CHECK" valueType="text">COUNTIF(I740:Y740,&quot;*&quot;)</attribute>
    </attributes>
  </variable>
  <variable name="K013" valueType="integer" entityType="Participant" unit="mmHg" mimeType="" referencedEntityType="" index="0">
    <attributes>
      <attribute name="Source" namespace="Mlstr_area" valueType="text">Physical measure</attribute>
      <attribute name="Physical_measures" namespace="Mlstr_area" valueType="text">Circulation_respiration</attribute>
      <attribute name="Target" namespace="Mlstr_area" valueType="text">Participant</attribute>
      <attribute name="label" valueType="text" locale="en">SBP supine</attribute>
      <attribute name="CHECK" valueType="text">COUNTIF(I750:Y750,&quot;*&quot;)</attribute>
    </attributes>
  </variable>
  <variable name="K735" valueType="integer" entityType="Participant" unit="" mimeType="" referencedEntityType="" index="0">
    <attributes>
      <attribute name="Source" namespace="Mlstr_area" valueType="text">Physical measure</attribute>
      <attribute name="Physical_measures" namespace="Mlstr_area" valueType="text">Circulation_respiration</attribute>
      <attribute name="Target" namespace="Mlstr_area" valueType="text">Participant</attribute>
      <attribute name="label" valueType="text" locale="en">Sinus bradycardi (under 50 per min)</attribute>
      <attribute name="CHECK" valueType="text">COUNTIF(I780:Y780,&quot;*&quot;)</attribute>
    </attributes>
    <categories>
      <category name="0">
        <attributes>
          <attribute name="label" valueType="text" locale="en">No</attribute>
        </attributes>
      </category>
      <category name="1">
        <attributes>
          <attribute name="label" valueType="text" locale="en">Yes</attribute>
        </attributes>
      </category>
    </categories>
  </variable>
  <variable name="K734" valueType="integer" entityType="Participant" unit="" mimeType="" referencedEntityType="" index="0">
    <attributes>
      <attribute name="Source" namespace="Mlstr_area" valueType="text">Physical measure</attribute>
      <attribute name="Physical_measures" namespace="Mlstr_area" valueType="text">Circulation_respiration</attribute>
      <attribute name="Target" namespace="Mlstr_area" valueType="text">Participant</attribute>
      <attribute name="label" valueType="text" locale="en">Sinus tachycardi (over 100 per min)</attribute>
      <attribute name="CHECK" valueType="text">COUNTIF(I783:Y783,&quot;*&quot;)</attribute>
    </attributes>
    <categories>
      <category name="0">
        <attributes>
          <attribute name="label" valueType="text" locale="en">No</attribute>
        </attributes>
      </category>
      <category name="1">
        <attributes>
          <attribute name="label" valueType="text" locale="en">Yes</attribute>
        </attributes>
      </category>
    </categories>
  </variable>
  <variable name="K364" valueType="integer" entityType="Participant" unit="" mimeType="" referencedEntityType="" index="0">
    <attributes>
      <attribute name="Source" namespace="Mlstr_area" valueType="text">Physical measure</attribute>
      <attribute name="Physical_measures" namespace="Mlstr_area" valueType="text">Muscles_skeleton_mobility</attribute>
      <attribute name="Target" namespace="Mlstr_area" valueType="text">Participant</attribute>
      <attribute name="label" valueType="text" locale="en">Stand balance</attribute>
      <attribute name="CHECK" valueType="text">COUNTIF(I798:Y798,&quot;*&quot;)</attribute>
    </attributes>
  </variable>
  <variable name="K725X" valueType="integer" entityType="Participant" unit="" mimeType="" referencedEntityType="" index="0">
    <attributes>
      <attribute name="Source" namespace="Mlstr_area" valueType="text">Physical measure</attribute>
      <attribute name="Physical_measures" namespace="Mlstr_area" valueType="text">Circulation_respiration</attribute>
      <attribute name="Target" namespace="Mlstr_area" valueType="text">Participant</attribute>
      <attribute name="label" valueType="text" locale="en">ST-segment depression (4.1)</attribute>
      <attribute name="CHECK" valueType="text">COUNTIF(I801:Y801,&quot;*&quot;)</attribute>
    </attributes>
    <categories>
      <category name="0">
        <attributes>
          <attribute name="label" valueType="text" locale="en">No</attribute>
        </attributes>
      </category>
      <category name="1">
        <attributes>
          <attribute name="label" valueType="text" locale="en">Yes</attribute>
        </attributes>
      </category>
    </categories>
  </variable>
  <variable name="K365" valueType="integer" entityType="Participant" unit="seconds" mimeType="" referencedEntityType="" index="0">
    <attributes>
      <attribute name="Source" namespace="Mlstr_area" valueType="text">Physical measure</attribute>
      <attribute name="Physical_measures" namespace="Mlstr_area" valueType="text">Muscles_skeleton_mobility</attribute>
      <attribute name="Target" namespace="Mlstr_area" valueType="text">Participant</attribute>
      <attribute name="label" valueType="text" locale="en">Time up and go</attribute>
      <attribute name="CHECK" valueType="text">COUNTIF(I811:Y811,&quot;*&quot;)</attribute>
    </attributes>
  </variable>
  <variable name="K726X" valueType="integer" entityType="Participant" unit="" mimeType="" referencedEntityType="" index="0">
    <attributes>
      <attribute name="Source" namespace="Mlstr_area" valueType="text">Physical measure</attribute>
      <attribute name="Physical_measures" namespace="Mlstr_area" valueType="text">Circulation_respiration</attribute>
      <attribute name="Target" namespace="Mlstr_area" valueType="text">Participant</attribute>
      <attribute name="label" valueType="text" locale="en">T-wave items (5.1)</attribute>
      <attribute name="CHECK" valueType="text">COUNTIF(I821:Y821,&quot;*&quot;)</attribute>
    </attributes>
    <categories>
      <category name="0">
        <attributes>
          <attribute name="label" valueType="text" locale="en">No</attribute>
        </attributes>
      </category>
      <category name="1">
        <attributes>
          <attribute name="label" valueType="text" locale="en">Yes</attribute>
        </attributes>
      </category>
    </categories>
  </variable>
  <variable name="K729" valueType="integer" entityType="Participant" unit="" mimeType="" referencedEntityType="" index="0">
    <attributes>
      <attribute name="Source" namespace="Mlstr_area" valueType="text">Physical measure</attribute>
      <attribute name="Physical_measures" namespace="Mlstr_area" valueType="text">Circulation_respiration</attribute>
      <attribute name="Target" namespace="Mlstr_area" valueType="text">Participant</attribute>
      <attribute name="label" valueType="text" locale="en">Ventr. conduction defects (7.X)</attribute>
      <attribute name="CHECK" valueType="text">COUNTIF(I840:Y840,&quot;*&quot;)</attribute>
    </attributes>
    <categories>
      <category name="0">
        <attributes>
          <attribute name="label" valueType="text" locale="en">No</attribute>
        </attributes>
      </category>
      <category name="1">
        <attributes>
          <attribute name="label" valueType="text" locale="en">Yes</attribute>
        </attributes>
      </category>
    </categories>
  </variable>
  <variable name="K974" valueType="integer" entityType="Participant" unit="" mimeType="" referencedEntityType="" index="0">
    <attributes>
      <attribute name="Source" namespace="Mlstr_area" valueType="text">Physical measure</attribute>
      <attribute name="Physical_measures" namespace="Mlstr_area" valueType="text">Anthropo_measures</attribute>
      <attribute name="Target" namespace="Mlstr_area" valueType="text">Participant</attribute>
      <attribute name="label" valueType="text" locale="en">Waist / Hip ratio</attribute>
      <attribute name="CHECK" valueType="text">COUNTIF(I844:Y844,&quot;*&quot;)</attribute>
    </attributes>
  </variable>
  <variable name="K020" valueType="integer" entityType="Participant" unit="cm" mimeType="" referencedEntityType="" index="0">
    <attributes>
      <attribute name="Source" namespace="Mlstr_area" valueType="text">Physical measure</attribute>
      <attribute name="Physical_measures" namespace="Mlstr_area" valueType="text">Anthropo_measures</attribute>
      <attribute name="Target" namespace="Mlstr_area" valueType="text">Participant</attribute>
      <attribute name="label" valueType="text" locale="en">Waist circumf.</attribute>
      <attribute name="CHECK" valueType="text">COUNTIF(I849:Y849,&quot;*&quot;)</attribute>
    </attributes>
  </variable>
  <variable name="K011" valueType="integer" entityType="Participant" unit="kg" mimeType="" referencedEntityType="" index="0">
    <attributes>
      <attribute name="Source" namespace="Mlstr_area" valueType="text">Physical measure</attribute>
      <attribute name="Physical_measures" namespace="Mlstr_area" valueType="text">Anthropo_measures</attribute>
      <attribute name="Target" namespace="Mlstr_area" valueType="text">Participant</attribute>
      <attribute name="label" valueType="text" locale="en">Weight</attribute>
      <attribute name="CHECK" valueType="text">COUNTIF(I856:Y856,&quot;*&quot;)</attribute>
    </attributes>
  </variable>
</variables>