<variables>
  <variable name="A_SMK_CIG_EVER" valueType="integer" entityType="Participant" unit="" mimeType="" referencedEntityType="" index="0">
    <attributes>
      <attribute name="description" valueType="text">Indicator of whether the participant has ever smoked at least 100 cigarettes during his lifetime.</attribute>
      <attribute name="label" valueType="text">Ever smoked 100 cigarettes or more (binary)</attribute>
    </attributes>
    <categories>
      <category name="0">
        <attributes>
          <attribute name="label" valueType="text">Never smoked at least 100 cigarettes</attribute>
        </attributes>
      </category>
      <category name="1">
        <attributes>
          <attribute name="label" valueType="text">Ever smoked at least 100 cigarettes</attribute>
        </attributes>
      </category>
    </categories>
  </variable>
  <variable name="S_SMK_CIG_WHOLE_EVER" valueType="integer" entityType="Participant" unit="" mimeType="" referencedEntityType="" index="0">
    <attributes>
      <attribute name="description" valueType="text">Indicator of whether the participant has ever smoked a whole cigarette, if he hasn&apos;t smoked more than 100 cigarettes during his lifetime.</attribute>
      <attribute name="label" valueType="text">Ever smoked a whole cigarette (binary)</attribute>
    </attributes>
    <categories>
      <category name="0">
        <attributes>
          <attribute name="label" valueType="text">Never smoked a whole cigarette</attribute>
        </attributes>
      </category>
      <category name="1">
        <attributes>
          <attribute name="label" valueType="text">Ever smoked a whole cigarette</attribute>
        </attributes>
      </category>
      <category name="-7">
        <attributes>
          <attribute name="label" valueType="text">Ever smoked at least 100 cigarettes</attribute>
        </attributes>
      </category>
    </categories>
  </variable>
  <variable name="S_SMK_CIG_WHOLE_ONSET" valueType="integer" entityType="Participant" unit="years" mimeType="" referencedEntityType="" index="0">
    <attributes>
      <attribute name="description" valueType="text">Age of the participant when he first smoked a whole cigarette, if he hasn&apos;t smoked more than 100 cigarettes during his lifetime.</attribute>
      <attribute name="label" valueType="text">Age smoked a whole cigarette (continuous)</attribute>
    </attributes>
    <categories>
      <category name="-7" missing="true">
        <attributes>
          <attribute name="label" valueType="text">Never smoked a whole cigarette or ever smoked at least 100 cigarettes</attribute>
        </attributes>
      </category>
    </categories>
  </variable>
  <variable name="A_SMK_CIG_CUR_FREQ" valueType="integer" entityType="Participant" unit="" mimeType="" referencedEntityType="" index="0">
    <attributes>
      <attribute name="description" valueType="text">Frequency of participant&apos;s current cigarettes consumption, if he has smoked more than 100 cigarettes during his lifetime.

&apos;&apos;Daily&apos;&apos; was defined as at least one cigarette every day for the past 30 days, &apos;&apos;Occasionally&apos;&apos; as at least one cigarette in the past 30 days, but not every day, and &apos;&apos;No&apos;&apos; as no cigarettes at all in the past 30 days.

</attribute>
      <attribute name="label" valueType="text">Current cigarette smoker frequency (categorical)</attribute>
    </attributes>
    <categories>
      <category name="0">
        <attributes>
          <attribute name="label" valueType="text">Does not smoke currently</attribute>
        </attributes>
      </category>
      <category name="1">
        <attributes>
          <attribute name="label" valueType="text">Current occasional smoker</attribute>
        </attributes>
      </category>
      <category name="2">
        <attributes>
          <attribute name="label" valueType="text">Current daily smoker</attribute>
        </attributes>
      </category>
      <category name="-7" missing="true">
        <attributes>
          <attribute name="label" valueType="text">Never smoked at least 100 cigarettes</attribute>
        </attributes>
      </category>
    </categories>
  </variable>
  <variable name="A_SMK_CIG_DAILY_CUR_ONSET" valueType="integer" entityType="Participant" unit="years" mimeType="" referencedEntityType="" index="0">
    <attributes>
      <attribute name="description" valueType="text">Age at which the participant first started smoking cigarettes daily (current daily smokers).

Different question wording were used. The terms &apos;&apos;daily&apos;&apos; and &apos;&apos;most or all days&apos;&apos; were considered equivalent.</attribute>
      <attribute name="label" valueType="text">Age first started smoking daily - current daily smokers (continuous)</attribute>
    </attributes>
    <categories>
      <category name="-7" missing="true">
        <attributes>
          <attribute name="label" valueType="text">Never smoked at least 100 cigarettes or not a current daily smoker</attribute>
        </attributes>
      </category>
    </categories>
  </variable>
  <variable name="A_SMK_CIG_DAILY_CUR_QTY" valueType="integer" entityType="Participant" unit="cigarettes/day" mimeType="" referencedEntityType="" index="0">
    <attributes>
      <attribute name="description" valueType="text">Number of cigarettes smoked per day (current daily smokers)

Either collected directly in a categorical variable with a specification for more than 26 cigarettes, or derived from a continuous variable for number of cigarettes.  </attribute>
      <attribute name="label" valueType="text">Number of cigarettes smoked per day - current daily smokers (categorical)</attribute>
    </attributes>
    <categories>
      <category name="-7" missing="true">
        <attributes>
          <attribute name="label" valueType="text">Never smoked at least 100 cigarettes or not a current daily smoker</attribute>
        </attributes>
      </category>
      <category name="1">
        <attributes>
          <attribute name="label" valueType="text">1-5 cigarettes smoked per day</attribute>
        </attributes>
      </category>
      <category name="2">
        <attributes>
          <attribute name="label" valueType="text">6-10 cigarettes smoked per day</attribute>
        </attributes>
      </category>
      <category name="3">
        <attributes>
          <attribute name="label" valueType="text">11-15 cigarettes smoked per day</attribute>
        </attributes>
      </category>
      <category name="4">
        <attributes>
          <attribute name="label" valueType="text">16-20 cigarettes smoked per day</attribute>
        </attributes>
      </category>
      <category name="5">
        <attributes>
          <attribute name="label" valueType="text">21-25 cigarettes smoked per day</attribute>
        </attributes>
      </category>
      <category name="6">
        <attributes>
          <attribute name="label" valueType="text">26 cigarettes or more smoked per day</attribute>
        </attributes>
      </category>
    </categories>
  </variable>
  <variable name="A_SMK_CIG_DAILY_CUR_QTY_26" valueType="integer" entityType="Participant" unit="cigarettes/day" mimeType="" referencedEntityType="" index="0">
    <attributes>
      <attribute name="description" valueType="text">Specification for number of cigarettes smoked per day if 26 or more (current daily smokers)

Either collected directly in a categorical variable with a specification for more than 26 cigarettes, or derived from a continuous variable for number of cigarettes.  </attribute>
      <attribute name="label" valueType="text">Number of cigarettes smoked per day if 26 or more -current daily smokers (continuous)</attribute>
    </attributes>
    <categories>
      <category name="-7" missing="true">
        <attributes>
          <attribute name="label" valueType="text">Never smoked at least 100 cigarettes or not a current daily smoker</attribute>
        </attributes>
      </category>
    </categories>
  </variable>
  <variable name="S_SMK_CIG_DAILY_CUR_DUR" valueType="decimal" entityType="Participant" unit="years" mimeType="" referencedEntityType="" index="0">
    <attributes>
      <attribute name="description" valueType="text">Number of years the participant smoked cigarettes daily (current daily smokers).</attribute>
      <attribute name="label" valueType="text">Duration daily cigarette smoking - current daily smokers (continuous)</attribute>
    </attributes>
    <categories>
      <category name="-7" missing="true">
        <attributes>
          <attribute name="label" valueType="text">Never smoked at least 100 cigarettes or not a current daily smoker</attribute>
        </attributes>
      </category>
    </categories>
  </variable>
  <variable name="S_SMK_CIG_DAILY_AVG_QTY" valueType="integer" entityType="Participant" unit="cigarettes/day" mimeType="" referencedEntityType="" index="0">
    <attributes>
      <attribute name="description" valueType="text">Number of cigarettes smoked per day during the total number of years the participant smoked daily (current daily smokers).</attribute>
      <attribute name="label" valueType="text">Number of cigarettes smoked over time - current daily smokers (categorical)</attribute>
    </attributes>
    <categories>
      <category name="-7" missing="true">
        <attributes>
          <attribute name="label" valueType="text">Never smoked at least 100 cigarettes or not a current daily smoker</attribute>
        </attributes>
      </category>
      <category name="1">
        <attributes>
          <attribute name="label" valueType="text">1-5 cigarettes smoked per day</attribute>
        </attributes>
      </category>
      <category name="2">
        <attributes>
          <attribute name="label" valueType="text">6-10 cigarettes smoked per day</attribute>
        </attributes>
      </category>
      <category name="3">
        <attributes>
          <attribute name="label" valueType="text">11-15 cigarettes smoked per day</attribute>
        </attributes>
      </category>
      <category name="4">
        <attributes>
          <attribute name="label" valueType="text">16-20 cigarettes smoked per day</attribute>
        </attributes>
      </category>
      <category name="5">
        <attributes>
          <attribute name="label" valueType="text">21-25 cigarettes smoked per day</attribute>
        </attributes>
      </category>
      <category name="6">
        <attributes>
          <attribute name="label" valueType="text">26 cigarettes or moresmoked per day</attribute>
        </attributes>
      </category>
    </categories>
  </variable>
  <variable name="S_SMK_CIG_DAILY_AVG_QTY_26" valueType="integer" entityType="Participant" unit="cigarettes/day" mimeType="" referencedEntityType="" index="0">
    <attributes>
      <attribute name="description" valueType="text">Specification for number of cigarettes smoked per day during the total number of years the participant smoked daily, if 26 or more (current daily smokers).</attribute>
      <attribute name="label" valueType="text">Number of cigarettes smoked over time, if 26 or more -current daily smokers (continuous)</attribute>
    </attributes>
    <categories>
      <category name="-7" missing="true">
        <attributes>
          <attribute name="label" valueType="text">Never smoked at least 100 cigarettes, not a current daily smoker or currently smokes less than 26 cigarettes per day</attribute>
        </attributes>
      </category>
    </categories>
  </variable>
  <variable name="S_SMK_CIG_OCC_CUR_FREQ" valueType="integer" entityType="Participant" unit="" mimeType="" referencedEntityType="" index="0">
    <attributes>
      <attribute name="description" valueType="text">Indicator of the frequency at which the participant has smoked at least one cigarette in the last 30 days (current occasional smokers.</attribute>
      <attribute name="label" valueType="text">One cigarette smoked frequency - current occasional smokers (categorical)</attribute>
    </attributes>
    <categories>
      <category name="-7" missing="true">
        <attributes>
          <attribute name="label" valueType="text">Never smoked at least 100 cigarettes or not a current occasional smoker</attribute>
        </attributes>
      </category>
      <category name="1">
        <attributes>
          <attribute name="label" valueType="text">1-5 days</attribute>
        </attributes>
      </category>
      <category name="2">
        <attributes>
          <attribute name="label" valueType="text">6-10 days</attribute>
        </attributes>
      </category>
      <category name="3">
        <attributes>
          <attribute name="label" valueType="text">11-20 days</attribute>
        </attributes>
      </category>
      <category name="4">
        <attributes>
          <attribute name="label" valueType="text">21-29 days</attribute>
        </attributes>
      </category>
    </categories>
  </variable>
  <variable name="S_SMK_CIG_OCC_CUR_QTY" valueType="integer" entityType="Participant" unit="cigarettes/day" mimeType="" referencedEntityType="" index="0">
    <attributes>
      <attribute name="description" valueType="text">Number of cigarettes smoked on a typical smoking day, over the past 30 days (current occasional smokers)</attribute>
      <attribute name="label" valueType="text">Number of cigarettes smoked per day - current occasional smokers (categorical)</attribute>
    </attributes>
    <categories>
      <category name="-7" missing="true">
        <attributes>
          <attribute name="label" valueType="text">Never smoked at least 100 cigarettes or not a current occasional smoker</attribute>
        </attributes>
      </category>
      <category name="1">
        <attributes>
          <attribute name="label" valueType="text">1-5 cigarettes smoked per day</attribute>
        </attributes>
      </category>
      <category name="2">
        <attributes>
          <attribute name="label" valueType="text">6-10 cigarettes smoked per day</attribute>
        </attributes>
      </category>
      <category name="3">
        <attributes>
          <attribute name="label" valueType="text">11-15 cigarettes smoked per day</attribute>
        </attributes>
      </category>
      <category name="4">
        <attributes>
          <attribute name="label" valueType="text">16-20 cigarettes smoked per day</attribute>
        </attributes>
      </category>
      <category name="5">
        <attributes>
          <attribute name="label" valueType="text">21-25 cigarettes smoked per day</attribute>
        </attributes>
      </category>
      <category name="6">
        <attributes>
          <attribute name="label" valueType="text">26 cigarettes or more smoked per day</attribute>
        </attributes>
      </category>
    </categories>
  </variable>
  <variable name="A_SMK_CIG_FORMER_DAILY" valueType="integer" entityType="Participant" unit="" mimeType="" referencedEntityType="" index="0">
    <attributes>
      <attribute name="description" valueType="text">Indicator of whether the participant has ever smoked daily  (current non-daily smokers)

Different question wording were used. The terms &apos;&apos;daily&apos;&apos; and &apos;&apos;most or all days&apos;&apos; were considered equivalent.</attribute>
      <attribute name="label" valueType="text">Ever smoked cigarettes daily - current non-daily smokers (binary)</attribute>
    </attributes>
    <categories>
      <category name="-7" missing="true">
        <attributes>
          <attribute name="label" valueType="text">Never at least smoked 100 cigarettes or current daily smoker</attribute>
        </attributes>
      </category>
    </categories>
  </variable>
  <variable name="A_SMK_CIG_FORMER_DAILY_ONSET" valueType="integer" entityType="Participant" unit="years" mimeType="" referencedEntityType="" index="0">
    <attributes>
      <attribute name="description" valueType="text">Age at which the participant started smoking cigarettes daily (former daily smokers)</attribute>
      <attribute name="label" valueType="text">Age started smoking cigarettes daily  - former daily smokers (continuous)</attribute>
    </attributes>
    <categories>
      <category name="-7" missing="true">
        <attributes>
          <attribute name="label" valueType="text">Never smoked at least 100 cigarettes or not a former daily smoker</attribute>
        </attributes>
      </category>
    </categories>
  </variable>
  <variable name="S_SMK_CIG_FORMER_DAILY_QTY" valueType="integer" entityType="Participant" unit="cigarettes/day" mimeType="" referencedEntityType="" index="0">
    <attributes>
      <attribute name="description" valueType="text">Number of cigarettes smoked per day during the period the participant smoked daily (former daily smokers).</attribute>
      <attribute name="label" valueType="text">Number of cigarettes smoked per day - former daily smokers (categorical)</attribute>
    </attributes>
    <categories>
      <category name="-7" missing="true">
        <attributes>
          <attribute name="label" valueType="text">Never smoked at least 100 cigarettes or not a former daily smoker</attribute>
        </attributes>
      </category>
      <category name="1">
        <attributes>
          <attribute name="label" valueType="text">1-5 cigarettes smoked per day</attribute>
        </attributes>
      </category>
      <category name="2">
        <attributes>
          <attribute name="label" valueType="text">6-10 cigarettes smoked per day</attribute>
        </attributes>
      </category>
      <category name="3">
        <attributes>
          <attribute name="label" valueType="text">11-15 cigarettes smoked per day</attribute>
        </attributes>
      </category>
      <category name="4">
        <attributes>
          <attribute name="label" valueType="text">16-20 cigarettes smoked per day</attribute>
        </attributes>
      </category>
      <category name="5">
        <attributes>
          <attribute name="label" valueType="text">21-25 cigarettes smoked per day</attribute>
        </attributes>
      </category>
      <category name="6">
        <attributes>
          <attribute name="label" valueType="text">26 cigarettes or more smoked per day</attribute>
        </attributes>
      </category>
    </categories>
  </variable>
  <variable name="S_SMK_CIG_FORMER_DAILY_QTY_26" valueType="integer" entityType="Participant" unit="cigarettes/day" mimeType="" referencedEntityType="" index="0">
    <attributes>
      <attribute name="description" valueType="text">Specification for number of cigarettes smoked per day during the period the participant smoked daily, if more than 26 cigarettes (former daily smokers).</attribute>
      <attribute name="label" valueType="text">Number of cigarettes smoked per day, if 26 or more -former daily smokers (continuous)</attribute>
    </attributes>
    <categories>
      <category name="-7" missing="true">
        <attributes>
          <attribute name="label" valueType="text">Never smoked at least 100 cigarettes, not a former daily smoked or smoked less than 26 cigarettes per day </attribute>
        </attributes>
      </category>
    </categories>
  </variable>
  <variable name="S_SMK_CIG_FORMER_DAILY_DUR" valueType="decimal" entityType="Participant" unit="years" mimeType="" referencedEntityType="" index="0">
    <attributes>
      <attribute name="description" valueType="text">Number of years the participant smoked daily (former daily smokers)</attribute>
      <attribute name="label" valueType="text">Duration of daily cigarettes smoking - former daily smokers (continuous)</attribute>
    </attributes>
    <categories>
      <category name="-7" missing="true">
        <attributes>
          <attribute name="label" valueType="text">Never smoked at least 100 cigarettes or not a former daily smoker</attribute>
        </attributes>
      </category>
    </categories>
  </variable>
  <variable name="S_SMK_CIG_FORMER_DAILY_CESSATION" valueType="integer" entityType="Participant" unit="years" mimeType="" referencedEntityType="" index="0">
    <attributes>
      <attribute name="description" valueType="text">Indicator of the period since the participant stopped smoking daily (former daily smokers).</attribute>
      <attribute name="label" valueType="text">Period since last smoked cigarettes daily - former daily smokers (categorical)</attribute>
    </attributes>
    <categories>
      <category name="1">
        <attributes>
          <attribute name="label" valueType="text">Less than one year ago</attribute>
        </attributes>
      </category>
      <category name="2">
        <attributes>
          <attribute name="label" valueType="text">1-2 years ago</attribute>
        </attributes>
      </category>
      <category name="3">
        <attributes>
          <attribute name="label" valueType="text">3-5 years ago</attribute>
        </attributes>
      </category>
      <category name="4">
        <attributes>
          <attribute name="label" valueType="text">More than five years ago</attribute>
        </attributes>
      </category>
    </categories>
  </variable>
  <variable name="S_SMK_CIG_LAST_AGE" valueType="integer" entityType="Participant" unit="years" mimeType="" referencedEntityType="" index="0">
    <attributes>
      <attribute name="description" valueType="text">Age at which the participant last smoked cigarettes on most days (current non smokers).</attribute>
      <attribute name="label" valueType="text">Age last smoked cigarettes on most days - current non-smokers (continuous)</attribute>
    </attributes>
    <categories>
      <category name="-7" missing="true">
        <attributes>
          <attribute name="label" valueType="text">Never smoked at least 100 cigarettes or not a former smoker</attribute>
        </attributes>
      </category>
    </categories>
  </variable>
  <variable name="S_SMK_CIG_HEAVIEST_QTY" valueType="integer" entityType="Participant" unit="cigarettes/day" mimeType="" referencedEntityType="" index="0">
    <attributes>
      <attribute name="description" valueType="text">During heaviest cigarette smoking period, number of cigarettes smoked per day (current daily or former daily smokers)


Derived from a continuous variable for number of cigarettes.  </attribute>
      <attribute name="label" valueType="text">Number of cigarettes smoked per day, heaviest quantity - current daily or former daily smokers (categorical)</attribute>
    </attributes>
    <categories>
      <category name="-7" missing="true">
        <attributes>
          <attribute name="label" valueType="text">Never smoked at least 100 cigarettes or not a former daily smoker</attribute>
        </attributes>
      </category>
      <category name="1">
        <attributes>
          <attribute name="label" valueType="text">1-5 cigarettes smoked per day</attribute>
        </attributes>
      </category>
      <category name="2">
        <attributes>
          <attribute name="label" valueType="text">6-10 cigarettes smoked per day</attribute>
        </attributes>
      </category>
      <category name="3">
        <attributes>
          <attribute name="label" valueType="text">11-15 cigarettes smoked per day</attribute>
        </attributes>
      </category>
      <category name="4">
        <attributes>
          <attribute name="label" valueType="text">16-20 cigarettes smoked per day</attribute>
        </attributes>
      </category>
      <category name="5">
        <attributes>
          <attribute name="label" valueType="text">21-25 cigarettes smoked per day</attribute>
        </attributes>
      </category>
      <category name="6">
        <attributes>
          <attribute name="label" valueType="text">26 cigarettes or more smoked per day</attribute>
        </attributes>
      </category>
    </categories>
  </variable>
  <variable name="S_SMK_CIG_HEAVIEST_QTY_26" valueType="integer" entityType="Participant" unit="cigarettes/day" mimeType="" referencedEntityType="" index="0">
    <attributes>
      <attribute name="description" valueType="text">During heaviest cigarettes smoking period, number of cigarettes smoked per day, if more than 26 (current daily or former daily smokers)

Derived from a continuous variable for number of cigarettes.  </attribute>
      <attribute name="label" valueType="text">Number of cigarettes smoked per day if 26 or more, heaviest quantity - current daily or former daily smokers (continuous)</attribute>
    </attributes>
    <categories>
      <category name="-7" missing="true">
        <attributes>
          <attribute name="label" valueType="text">Never smoked at least 100 cigarettes, not a former daily smoked or smoked less than 26 cigarettes per day </attribute>
        </attributes>
      </category>
    </categories>
  </variable>
  <variable name="S_SMK_CIG_HEAVIEST_DUR" valueType="decimal" entityType="Participant" unit="years" mimeType="" referencedEntityType="" index="0">
    <attributes>
      <attribute name="description" valueType="text">Duration of heaviest cigarettes smoking period (current daily or former daily smokers)</attribute>
      <attribute name="label" valueType="text">Duration heaviest cigarettes consumption - current daily and former daily smokers (continuous)</attribute>
    </attributes>
    <categories>
      <category name="-7" missing="true">
        <attributes>
          <attribute name="label" valueType="text">Never smoked at least 100 cigarettes or not a former daily smoker</attribute>
        </attributes>
      </category>
    </categories>
  </variable>
  <variable name="A_SMK_CIGAR_EVER" valueType="integer" entityType="Participant" unit="" mimeType="" referencedEntityType="" index="0">
    <attributes>
      <attribute name="description" valueType="text">Indicator of whether the participant has ever used cigars on a regular basis for at least 6 months.

Either collected directly or following a question on lifetime tobacco products usage other than cigarettes.</attribute>
      <attribute name="label" valueType="text">Ever used cigars (binary)</attribute>
    </attributes>
    <categories>
      <category name="0">
        <attributes>
          <attribute name="label" valueType="text">Never smoked cigars</attribute>
        </attributes>
      </category>
      <category name="1">
        <attributes>
          <attribute name="label" valueType="text">Ever smoked cigars</attribute>
        </attributes>
      </category>
    </categories>
  </variable>
  <variable name="A_SMK_SMALL_CIGAR_EVER" valueType="integer" entityType="Participant" unit="" mimeType="" referencedEntityType="" index="0">
    <attributes>
      <attribute name="description" valueType="text">Indicator of whether the participant has ever used small cigars on a regular basis for at least 6 months.

Either collected directly or following a question on lifetime tobacco products usage other than cigarettes.</attribute>
      <attribute name="label" valueType="text">Ever used small cigars (binary)</attribute>
    </attributes>
    <categories>
      <category name="0">
        <attributes>
          <attribute name="label" valueType="text">Never smoked small cigars</attribute>
        </attributes>
      </category>
      <category name="1">
        <attributes>
          <attribute name="label" valueType="text">Ever smoked small cigars</attribute>
        </attributes>
      </category>
    </categories>
  </variable>
  <variable name="A_SMK_PIPE_EVER" valueType="integer" entityType="Participant" unit="" mimeType="" referencedEntityType="" index="0">
    <attributes>
      <attribute name="description" valueType="text">Indicator of whether the participant has ever used pipes on a regular basis for at least 6 months.

Either collected directly or following a question on lifetime tobacco products usage other than cigarettes.</attribute>
      <attribute name="label" valueType="text">Ever used pipes (binary)</attribute>
    </attributes>
    <categories>
      <category name="0">
        <attributes>
          <attribute name="label" valueType="text">Never smoked pipe</attribute>
        </attributes>
      </category>
      <category name="1">
        <attributes>
          <attribute name="label" valueType="text">Ever smoked pipe</attribute>
        </attributes>
      </category>
    </categories>
  </variable>
  <variable name="A_SMK_SNUFF_EVER" valueType="integer" entityType="Participant" unit="" mimeType="" referencedEntityType="" index="0">
    <attributes>
      <attribute name="description" valueType="text">Indicator of whether the participant has ever used chewing tobacco or snuff on a regular basis for at least 6 months.

Either collected directly or following a question on lifetime tobacco products usage other than cigarettes.</attribute>
      <attribute name="label" valueType="text">Ever used chewing tobacco or snuff (binary)</attribute>
    </attributes>
    <categories>
      <category name="0">
        <attributes>
          <attribute name="label" valueType="text">Never used snuff</attribute>
        </attributes>
      </category>
      <category name="1">
        <attributes>
          <attribute name="label" valueType="text">Ever used snuff</attribute>
        </attributes>
      </category>
    </categories>
  </variable>
  <variable name="S_SMK_PATCH_EVER" valueType="integer" entityType="Participant" unit="" mimeType="" referencedEntityType="" index="0">
    <attributes>
      <attribute name="description" valueType="text">Indicator of whether the participant has ever used nicotine patches on a regular basis for at least 6 months.

Either collected directly or following a question on lifetime tobacco products usage other than cigarettes.</attribute>
      <attribute name="label" valueType="text">Ever used nicotine patches (binary)</attribute>
    </attributes>
    <categories>
      <category name="0">
        <attributes>
          <attribute name="label" valueType="text">Never used nicotine patch</attribute>
        </attributes>
      </category>
      <category name="1">
        <attributes>
          <attribute name="label" valueType="text">Ever used nicotine patch</attribute>
        </attributes>
      </category>
    </categories>
  </variable>
  <variable name="S_SMK_GUM_EVER" valueType="integer" entityType="Participant" unit="" mimeType="" referencedEntityType="" index="0">
    <attributes>
      <attribute name="description" valueType="text">Indicator of whether the participant has ever used nicotine gum on a regular basis for at least 6 months.

Either collected directly or following a question on lifetime tobacco products usage other than cigarettes.</attribute>
      <attribute name="label" valueType="text">Ever used nicotine gum (binary)</attribute>
    </attributes>
    <categories>
      <category name="0">
        <attributes>
          <attribute name="label" valueType="text">Never used nicotine gum</attribute>
        </attributes>
      </category>
      <category name="1">
        <attributes>
          <attribute name="label" valueType="text">Ever used nicotine gum</attribute>
        </attributes>
      </category>
    </categories>
  </variable>
  <variable name="A_SMK_BETEL_EVER" valueType="integer" entityType="Participant" unit="" mimeType="" referencedEntityType="" index="0">
    <attributes>
      <attribute name="description" valueType="text">Indicator of whether the participant has ever used betel nut on a regular basis for at least 6 months.

Either collected directly or following a question on lifetime tobacco products usage other than cigarettes.</attribute>
      <attribute name="label" valueType="text">Ever used betel nut (binary)</attribute>
    </attributes>
    <categories>
      <category name="0">
        <attributes>
          <attribute name="label" valueType="text">Never used betel</attribute>
        </attributes>
      </category>
      <category name="1">
        <attributes>
          <attribute name="label" valueType="text">Ever used betel</attribute>
        </attributes>
      </category>
    </categories>
  </variable>
  <variable name="A_SMK_PAAN_EVER" valueType="integer" entityType="Participant" unit="" mimeType="" referencedEntityType="" index="0">
    <attributes>
      <attribute name="description" valueType="text">Indicator of whether the participant has ever used paan on a regular basis for at least 6 months.

Either collected directly or following a question on lifetime tobacco products usage other than cigarettes.</attribute>
      <attribute name="label" valueType="text">Ever used paan (binary)</attribute>
    </attributes>
    <categories>
      <category name="0">
        <attributes>
          <attribute name="label" valueType="text">Never used paan</attribute>
        </attributes>
      </category>
      <category name="1">
        <attributes>
          <attribute name="label" valueType="text">Ever used paan</attribute>
        </attributes>
      </category>
    </categories>
  </variable>
  <variable name="A_SMK_SHEESHA_EVER" valueType="integer" entityType="Participant" unit="" mimeType="" referencedEntityType="" index="0">
    <attributes>
      <attribute name="description" valueType="text">Indicator of whether the participant has ever used sheesha on a regular basis for at least 6 months.

Either collected directly or following a question on lifetime tobacco products usage other than cigarettes.</attribute>
      <attribute name="label" valueType="text">Ever used sheesha (binary)</attribute>
    </attributes>
    <categories>
      <category name="0">
        <attributes>
          <attribute name="label" valueType="text">Never smoked sheesha</attribute>
        </attributes>
      </category>
      <category name="1">
        <attributes>
          <attribute name="label" valueType="text">Ever smoked sheesha</attribute>
        </attributes>
      </category>
    </categories>
  </variable>
  <variable name="A_SMK_OTHER_TOB_EVER" valueType="integer" entityType="Participant" unit="" mimeType="" referencedEntityType="" index="0">
    <attributes>
      <attribute name="description" valueType="text">Indicator of whether the participant has ever used other types of tobacco or nicotine products than those listed on regular basis for at least 6 months.

Either collected directly or following a question on lifetime tobacco products usage other than cigarettes.</attribute>
      <attribute name="label" valueType="text">Ever used other type of tobacco or nicotine products (binary)</attribute>
    </attributes>
    <categories>
      <category name="0">
        <attributes>
          <attribute name="label" valueType="text">Never smoked other type of tobacco</attribute>
        </attributes>
      </category>
      <category name="1">
        <attributes>
          <attribute name="label" valueType="text">Ever smoked other type of tobacco</attribute>
        </attributes>
      </category>
    </categories>
  </variable>
  <variable name="S_SMK_OTHER_TOB_EVER_OTSP" valueType="text" entityType="Participant" unit="" mimeType="" referencedEntityType="" index="0">
    <attributes>
      <attribute name="description" valueType="text">Name of the other types of tobacco or nicotine products ever used on a regular basis for at least 6 months.</attribute>
      <attribute name="label" valueType="text">Name of other types of tobacco or nicotine products ever used (text)</attribute>
    </attributes>
  </variable>
  <variable name="A_SMK_CIGAR_CUR" valueType="integer" entityType="Participant" unit="" mimeType="" referencedEntityType="" index="0">
    <attributes>
      <attribute name="description" valueType="text">Indicator of whether the participant currently uses cigars.</attribute>
      <attribute name="label" valueType="text">Current user of cigars (binary)</attribute>
    </attributes>
    <categories>
      <category name="0">
        <attributes>
          <attribute name="label" valueType="text">Does not currently smoke cigars</attribute>
        </attributes>
      </category>
      <category name="1">
        <attributes>
          <attribute name="label" valueType="text">Currently smokes cigars</attribute>
        </attributes>
      </category>
    </categories>
  </variable>
  <variable name="A_SMK_SMALL_CIGAR_CUR" valueType="integer" entityType="Participant" unit="" mimeType="" referencedEntityType="" index="0">
    <attributes>
      <attribute name="description" valueType="text">Indicator of whether the participant currently uses small cigars.</attribute>
      <attribute name="label" valueType="text">Current user of small cigars (binary)</attribute>
    </attributes>
    <categories>
      <category name="0">
        <attributes>
          <attribute name="label" valueType="text">Does not currently smoke small cigars</attribute>
        </attributes>
      </category>
      <category name="1">
        <attributes>
          <attribute name="label" valueType="text">Currently smokes small cigars</attribute>
        </attributes>
      </category>
    </categories>
  </variable>
  <variable name="A_SMK_PIPE_CUR" valueType="integer" entityType="Participant" unit="" mimeType="" referencedEntityType="" index="0">
    <attributes>
      <attribute name="description" valueType="text">Indicator of whether the participant currently uses pipes.</attribute>
      <attribute name="label" valueType="text">Current user of pipes (binary)</attribute>
    </attributes>
    <categories>
      <category name="0">
        <attributes>
          <attribute name="label" valueType="text">Does not currently smoke pipe</attribute>
        </attributes>
      </category>
      <category name="1">
        <attributes>
          <attribute name="label" valueType="text">Currently smokes pipe</attribute>
        </attributes>
      </category>
    </categories>
  </variable>
  <variable name="A_SMK_SNUFF_CUR" valueType="integer" entityType="Participant" unit="" mimeType="" referencedEntityType="" index="0">
    <attributes>
      <attribute name="description" valueType="text">Indicator of whether the participant currently uses chewing tobacco or snuff.</attribute>
      <attribute name="label" valueType="text">Current user of chewing tobacco or snuff (binary)</attribute>
    </attributes>
    <categories>
      <category name="0">
        <attributes>
          <attribute name="label" valueType="text">Does not currently use snuff</attribute>
        </attributes>
      </category>
      <category name="1">
        <attributes>
          <attribute name="label" valueType="text">Currently uses snuff</attribute>
        </attributes>
      </category>
    </categories>
  </variable>
  <variable name="S_SMK_PATCH_CUR" valueType="integer" entityType="Participant" unit="" mimeType="" referencedEntityType="" index="0">
    <attributes>
      <attribute name="description" valueType="text">Indicator of whether the participant currently uses nicotine patches.</attribute>
      <attribute name="label" valueType="text">Current user of nicotine patches (binary)</attribute>
    </attributes>
    <categories>
      <category name="0">
        <attributes>
          <attribute name="label" valueType="text">Does not currently use nicotine patch</attribute>
        </attributes>
      </category>
      <category name="1">
        <attributes>
          <attribute name="label" valueType="text">Currently use nicotine patch</attribute>
        </attributes>
      </category>
    </categories>
  </variable>
  <variable name="S_SMK_GUM_CUR" valueType="integer" entityType="Participant" unit="" mimeType="" referencedEntityType="" index="0">
    <attributes>
      <attribute name="description" valueType="text">Indicator of whether the participant currently uses nicotine gum.</attribute>
      <attribute name="label" valueType="text">Current user of nicotine gum (binary)</attribute>
    </attributes>
    <categories>
      <category name="0">
        <attributes>
          <attribute name="label" valueType="text">Does not currently use nicotine gum</attribute>
        </attributes>
      </category>
      <category name="1">
        <attributes>
          <attribute name="label" valueType="text">Currently uses nicotine gum</attribute>
        </attributes>
      </category>
    </categories>
  </variable>
  <variable name="A_SMK_BETEL_CUR" valueType="integer" entityType="Participant" unit="" mimeType="" referencedEntityType="" index="0">
    <attributes>
      <attribute name="description" valueType="text">Indicator of whether the participant currently uses betel nut.</attribute>
      <attribute name="label" valueType="text">Current user of betel nut (binary)</attribute>
    </attributes>
    <categories>
      <category name="0">
        <attributes>
          <attribute name="label" valueType="text">Does not currently use betel</attribute>
        </attributes>
      </category>
      <category name="1">
        <attributes>
          <attribute name="label" valueType="text">Currently uses betel</attribute>
        </attributes>
      </category>
    </categories>
  </variable>
  <variable name="A_SMK_PAAN_CUR" valueType="integer" entityType="Participant" unit="" mimeType="" referencedEntityType="" index="0">
    <attributes>
      <attribute name="description" valueType="text">Indicator of whether the participant currently uses paan.</attribute>
      <attribute name="label" valueType="text">Current user of paan (binary)</attribute>
    </attributes>
    <categories>
      <category name="0">
        <attributes>
          <attribute name="label" valueType="text">Does not currently use paan</attribute>
        </attributes>
      </category>
      <category name="1">
        <attributes>
          <attribute name="label" valueType="text">Currently use paan</attribute>
        </attributes>
      </category>
    </categories>
  </variable>
  <variable name="A_SMK_SHEESHA_CUR" valueType="integer" entityType="Participant" unit="" mimeType="" referencedEntityType="" index="0">
    <attributes>
      <attribute name="description" valueType="text">Indicator of whether the participant currently uses sheesha.</attribute>
      <attribute name="label" valueType="text">Current user of sheesha (binary)</attribute>
    </attributes>
    <categories>
      <category name="0">
        <attributes>
          <attribute name="label" valueType="text">Does not currently smoke sheesha</attribute>
        </attributes>
      </category>
      <category name="1">
        <attributes>
          <attribute name="label" valueType="text">Currently smokes sheesa</attribute>
        </attributes>
      </category>
    </categories>
  </variable>
  <variable name="A_SMK_OTHER_TOB_CUR" valueType="integer" entityType="Participant" unit="" mimeType="" referencedEntityType="" index="0">
    <attributes>
      <attribute name="description" valueType="text">Indicator of whether the participant currently uses other types of tobacco or nicotine products than those listed</attribute>
      <attribute name="label" valueType="text">Current user of other types of tobacco or nicotine products (binary)</attribute>
    </attributes>
    <categories>
      <category name="0">
        <attributes>
          <attribute name="label" valueType="text">Does not currently smoke other type of tobacco</attribute>
        </attributes>
      </category>
      <category name="1">
        <attributes>
          <attribute name="label" valueType="text">Currently smokes other type of tobacco</attribute>
        </attributes>
      </category>
    </categories>
  </variable>
  <variable name="S_SMK_OTHER_TOB_CUR_OTSP" valueType="text" entityType="Participant" unit="" mimeType="" referencedEntityType="" index="0">
    <attributes>
      <attribute name="description" valueType="text">Name of the other types of tobacco or nicotine products currently used.</attribute>
      <attribute name="label" valueType="text">Name of other types of tobacco or nicotine products currently used (text)</attribute>
    </attributes>
  </variable>
</variables>