<variables>
  <variable name="AGE50" valueType="integer" entityType="Participant" unit="years" mimeType="" referencedEntityType="" index="0">
    <attributes>
      <attribute name="Source" namespace="Mlstr_area" valueType="text">Questionnaire</attribute>
      <attribute name="Target" namespace="Mlstr_area" valueType="text">Participant</attribute>
      <attribute name="Sociodemographic_economic_characteristics" namespace="Mlstr_area" valueType="text">Age</attribute>
      <attribute name="label" valueType="text" locale="en">AGE</attribute>
      <attribute name="CHECK" valueType="text">COUNTIF(I34:Y34,&quot;*&quot;)</attribute>
    </attributes>
  </variable>
  <variable name="X571" valueType="integer" entityType="Participant" unit="mg/l" mimeType="" referencedEntityType="" index="0">
    <attributes>
      <attribute name="Source" namespace="Mlstr_area" valueType="text">Questionnaire</attribute>
      <attribute name="Target" namespace="Mlstr_area" valueType="text">Participant</attribute>
      <attribute name="Medication_supplements" namespace="Mlstr_area" valueType="text">Medication_suppl</attribute>
      <attribute name="label" valueType="text" locale="en">ALPHA TOCOPHEROL</attribute>
      <attribute name="CHECK" valueType="text">COUNTIF(I43:Y43,&quot;*&quot;)</attribute>
      <attribute name="Diseases" namespace="Mlstr_area" valueType="text">Circulatory_sys_dis</attribute>
    </attributes>
  </variable>
  <variable name="X500" valueType="integer" entityType="Participant" unit="U/l" mimeType="" referencedEntityType="" index="0">
    <attributes>
      <attribute name="Source" namespace="Mlstr_area" valueType="text">Biosample</attribute>
      <attribute name="Laboratory_measures" namespace="Mlstr_areas" valueType="text">Biochemistry</attribute>
      <attribute name="Target" namespace="Mlstr_area" valueType="text">Participant</attribute>
      <attribute name="label" valueType="text" locale="en">APO(a)</attribute>
      <attribute name="CHECK" valueType="text">COUNTIF(I58:Y58,&quot;*&quot;)</attribute>
    </attributes>
  </variable>
  <variable name="X501" valueType="integer" entityType="Participant" unit="g/l" mimeType="" referencedEntityType="" index="0">
    <attributes>
      <attribute name="Source" namespace="Mlstr_area" valueType="text">Biosample</attribute>
      <attribute name="Laboratory_measures" namespace="Mlstr_areas" valueType="text">Biochemistry</attribute>
      <attribute name="Target" namespace="Mlstr_area" valueType="text">Participant</attribute>
      <attribute name="label" valueType="text" locale="en">APOA1</attribute>
      <attribute name="CHECK" valueType="text">COUNTIF(I60:Y60,&quot;*&quot;)</attribute>
    </attributes>
  </variable>
  <variable name="X502" valueType="integer" entityType="Participant" unit="g/l" mimeType="" referencedEntityType="" index="0">
    <attributes>
      <attribute name="Source" namespace="Mlstr_area" valueType="text">Biosample</attribute>
      <attribute name="Laboratory_measures" namespace="Mlstr_areas" valueType="text">Biochemistry</attribute>
      <attribute name="Target" namespace="Mlstr_area" valueType="text">Participant</attribute>
      <attribute name="label" valueType="text" locale="en">APOB</attribute>
      <attribute name="CHECK" valueType="text">COUNTIF(I63:Y63,&quot;*&quot;)</attribute>
    </attributes>
  </variable>
  <variable name="X731" valueType="integer" entityType="Participant" unit="" mimeType="" referencedEntityType="" index="0">
    <attributes>
      <attribute name="Source" namespace="Mlstr_area" valueType="text">Physical measure</attribute>
      <attribute name="Physical_measures" namespace="Mlstr_area" valueType="text">Circulation_respiration</attribute>
      <attribute name="Target" namespace="Mlstr_area" valueType="text">Participant</attribute>
      <attribute name="label" valueType="text" locale="en">ARRHYTHMIAS (8.X)</attribute>
      <attribute name="CHECK" valueType="text">COUNTIF(I67:Y67,&quot;*&quot;)</attribute>
    </attributes>
    <categories>
      <category name="0">
        <attributes>
          <attribute name="label" valueType="text" locale="en">No</attribute>
        </attributes>
      </category>
      <category name="1">
        <attributes>
          <attribute name="label" valueType="text" locale="en">Yes</attribute>
        </attributes>
      </category>
    </categories>
  </variable>
  <variable name="X730" valueType="integer" entityType="Participant" unit="" mimeType="" referencedEntityType="" index="0">
    <attributes>
      <attribute name="Source" namespace="Mlstr_area" valueType="text">Physical measure</attribute>
      <attribute name="Physical_measures" namespace="Mlstr_area" valueType="text">Circulation_respiration</attribute>
      <attribute name="Target" namespace="Mlstr_area" valueType="text">Participant</attribute>
      <attribute name="label" valueType="text" locale="en">ATRIAL FIBRILLATION/FLUTTER (8.3)</attribute>
      <attribute name="CHECK" valueType="text">COUNTIF(I97:Y97,&quot;*&quot;)</attribute>
    </attributes>
    <categories>
      <category name="0">
        <attributes>
          <attribute name="label" valueType="text" locale="en">No</attribute>
        </attributes>
      </category>
      <category name="1">
        <attributes>
          <attribute name="label" valueType="text" locale="en">Yes</attribute>
        </attributes>
      </category>
    </categories>
  </variable>
  <variable name="X727" valueType="integer" entityType="Participant" unit="" mimeType="" referencedEntityType="" index="0">
    <attributes>
      <attribute name="Source" namespace="Mlstr_area" valueType="text">Physical measure</attribute>
      <attribute name="Physical_measures" namespace="Mlstr_area" valueType="text">Circulation_respiration</attribute>
      <attribute name="Target" namespace="Mlstr_area" valueType="text">Participant</attribute>
      <attribute name="label" valueType="text" locale="en">AV CONDUCTION DEFECTS (6.X)</attribute>
      <attribute name="CHECK" valueType="text">COUNTIF(I103:Y103,&quot;*&quot;)</attribute>
    </attributes>
    <categories>
      <category name="0">
        <attributes>
          <attribute name="label" valueType="text" locale="en">No</attribute>
        </attributes>
      </category>
      <category name="1">
        <attributes>
          <attribute name="label" valueType="text" locale="en">Yes</attribute>
        </attributes>
      </category>
    </categories>
  </variable>
  <variable name="X573" valueType="integer" entityType="Participant" unit="µg/l" mimeType="" referencedEntityType="" index="0">
    <attributes>
      <attribute name="Source" namespace="Mlstr_area" valueType="text">Biosample</attribute>
      <attribute name="Laboratory_measures" namespace="Mlstr_areas" valueType="text">Biochemistry</attribute>
      <attribute name="Target" namespace="Mlstr_area" valueType="text">Participant</attribute>
      <attribute name="label" valueType="text" locale="en">BETA CAROTENE</attribute>
      <attribute name="CHECK" valueType="text">COUNTIF(I110:Y110,&quot;*&quot;)</attribute>
    </attributes>
  </variable>
  <variable name="X290" valueType="integer" entityType="Participant" unit="kg/m2" mimeType="" referencedEntityType="" index="0">
    <attributes>
      <attribute name="Source" namespace="Mlstr_area" valueType="text">Physical measure</attribute>
      <attribute name="Physical_measures" namespace="Mlstr_area" valueType="text">Anthropo_measures</attribute>
      <attribute name="Target" namespace="Mlstr_area" valueType="text">Participant</attribute>
      <attribute name="label" valueType="text" locale="en">BMI</attribute>
      <attribute name="CHECK" valueType="text">COUNTIF(I113:Y113,&quot;*&quot;)</attribute>
    </attributes>
  </variable>
  <variable name="X600" valueType="integer" entityType="Participant" unit="pmol/l" mimeType="" referencedEntityType="" index="0">
    <attributes>
      <attribute name="Source" namespace="Mlstr_area" valueType="text">Biosample</attribute>
      <attribute name="Laboratory_measures" namespace="Mlstr_areas" valueType="text">Biochemistry</attribute>
      <attribute name="Target" namespace="Mlstr_area" valueType="text">Participant</attribute>
      <attribute name="label" valueType="text" locale="en">CAMBRIDGE INSULIN</attribute>
      <attribute name="CHECK" valueType="text">COUNTIF(I133:Y133,&quot;*&quot;)</attribute>
    </attributes>
  </variable>
  <variable name="X601" valueType="integer" entityType="Participant" unit="pmol/l" mimeType="" referencedEntityType="" index="0">
    <attributes>
      <attribute name="Source" namespace="Mlstr_area" valueType="text">Biosample</attribute>
      <attribute name="Laboratory_measures" namespace="Mlstr_areas" valueType="text">Biochemistry</attribute>
      <attribute name="Target" namespace="Mlstr_area" valueType="text">Participant</attribute>
      <attribute name="label" valueType="text" locale="en">CAMBRIDGE PROINSULIN</attribute>
      <attribute name="CHECK" valueType="text">COUNTIF(I135:Y135,&quot;*&quot;)</attribute>
    </attributes>
  </variable>
  <variable name="X602" valueType="integer" entityType="Participant" unit="pmol/l" mimeType="" referencedEntityType="" index="0">
    <attributes>
      <attribute name="Source" namespace="Mlstr_area" valueType="text">Biosample</attribute>
      <attribute name="Laboratory_measures" namespace="Mlstr_areas" valueType="text">Biochemistry</attribute>
      <attribute name="Target" namespace="Mlstr_area" valueType="text">Participant</attribute>
      <attribute name="label" valueType="text" locale="en">CAMBRIDGE SPLITPRO</attribute>
      <attribute name="CHECK" valueType="text">COUNTIF(I138:Y138,&quot;*&quot;)</attribute>
    </attributes>
  </variable>
  <variable name="X566" valueType="integer" entityType="Participant" unit="" mimeType="" referencedEntityType="" index="0">
    <attributes>
      <attribute name="Source" namespace="Mlstr_area" valueType="text">Biosample</attribute>
      <attribute name="Laboratory_measures" namespace="Mlstr_areas" valueType="text">Biochemistry</attribute>
      <attribute name="Target" namespace="Mlstr_area" valueType="text">Participant</attribute>
      <attribute name="label" valueType="text" locale="en">CE-ALFALINOLENIC ACID 18:3 w3</attribute>
      <attribute name="CHECK" valueType="text">COUNTIF(I145:Y145,&quot;*&quot;)</attribute>
    </attributes>
  </variable>
  <variable name="X568" valueType="integer" entityType="Participant" unit="" mimeType="" referencedEntityType="" index="0">
    <attributes>
      <attribute name="Source" namespace="Mlstr_area" valueType="text">Biosample</attribute>
      <attribute name="Laboratory_measures" namespace="Mlstr_areas" valueType="text">Biochemistry</attribute>
      <attribute name="Target" namespace="Mlstr_area" valueType="text">Participant</attribute>
      <attribute name="label" valueType="text" locale="en">CE-ARACHIDONIC ACID 20:4 w6</attribute>
      <attribute name="CHECK" valueType="text">COUNTIF(I147:Y147,&quot;*&quot;)</attribute>
    </attributes>
  </variable>
  <variable name="X567" valueType="integer" entityType="Participant" unit="" mimeType="" referencedEntityType="" index="0">
    <attributes>
      <attribute name="Source" namespace="Mlstr_area" valueType="text">Biosample</attribute>
      <attribute name="Laboratory_measures" namespace="Mlstr_areas" valueType="text">Biochemistry</attribute>
      <attribute name="Target" namespace="Mlstr_area" valueType="text">Participant</attribute>
      <attribute name="label" valueType="text" locale="en">CE-DIHOMOGAM.LINOLENIC ACID 20:3 w6</attribute>
      <attribute name="CHECK" valueType="text">COUNTIF(I149:Y149,&quot;*&quot;)</attribute>
    </attributes>
  </variable>
  <variable name="X570" valueType="integer" entityType="Participant" unit="" mimeType="" referencedEntityType="" index="0">
    <attributes>
      <attribute name="Source" namespace="Mlstr_area" valueType="text">Biosample</attribute>
      <attribute name="Laboratory_measures" namespace="Mlstr_areas" valueType="text">Biochemistry</attribute>
      <attribute name="Target" namespace="Mlstr_area" valueType="text">Participant</attribute>
      <attribute name="label" valueType="text" locale="en">CE-DOCOSAHEXAENOIC ACID 22:6 w3</attribute>
      <attribute name="CHECK" valueType="text">COUNTIF(I151:Y151,&quot;*&quot;)</attribute>
    </attributes>
  </variable>
  <variable name="X569" valueType="integer" entityType="Participant" unit="" mimeType="" referencedEntityType="" index="0">
    <attributes>
      <attribute name="Source" namespace="Mlstr_area" valueType="text">Biosample</attribute>
      <attribute name="Laboratory_measures" namespace="Mlstr_areas" valueType="text">Biochemistry</attribute>
      <attribute name="Target" namespace="Mlstr_area" valueType="text">Participant</attribute>
      <attribute name="label" valueType="text" locale="en">CE-EICOSAPENTAENOIC ACID 20:5 w3</attribute>
      <attribute name="CHECK" valueType="text">COUNTIF(I153:Y153,&quot;*&quot;)</attribute>
    </attributes>
  </variable>
  <variable name="X565" valueType="integer" entityType="Participant" unit="" mimeType="" referencedEntityType="" index="0">
    <attributes>
      <attribute name="Source" namespace="Mlstr_area" valueType="text">Biosample</attribute>
      <attribute name="Laboratory_measures" namespace="Mlstr_areas" valueType="text">Biochemistry</attribute>
      <attribute name="Target" namespace="Mlstr_area" valueType="text">Participant</attribute>
      <attribute name="label" valueType="text" locale="en">CE-GAMMALINOLENIC ACID 18:3 w6</attribute>
      <attribute name="CHECK" valueType="text">COUNTIF(I155:Y155,&quot;*&quot;)</attribute>
    </attributes>
  </variable>
  <variable name="X564" valueType="integer" entityType="Participant" unit="" mimeType="" referencedEntityType="" index="0">
    <attributes>
      <attribute name="Source" namespace="Mlstr_area" valueType="text">Biosample</attribute>
      <attribute name="Laboratory_measures" namespace="Mlstr_areas" valueType="text">Biochemistry</attribute>
      <attribute name="Target" namespace="Mlstr_area" valueType="text">Participant</attribute>
      <attribute name="label" valueType="text" locale="en">CE-LINOLEIC ACID 18:2 w6</attribute>
      <attribute name="CHECK" valueType="text">COUNTIF(I157:Y157,&quot;*&quot;)</attribute>
    </attributes>
  </variable>
  <variable name="X559" valueType="integer" entityType="Participant" unit="" mimeType="" referencedEntityType="" index="0">
    <attributes>
      <attribute name="Source" namespace="Mlstr_area" valueType="text">Biosample</attribute>
      <attribute name="Laboratory_measures" namespace="Mlstr_areas" valueType="text">Biochemistry</attribute>
      <attribute name="Target" namespace="Mlstr_area" valueType="text">Participant</attribute>
      <attribute name="label" valueType="text" locale="en">CE-MYRISTIC ACID 14:0</attribute>
      <attribute name="CHECK" valueType="text">COUNTIF(I159:Y159,&quot;*&quot;)</attribute>
    </attributes>
  </variable>
  <variable name="X563" valueType="integer" entityType="Participant" unit="" mimeType="" referencedEntityType="" index="0">
    <attributes>
      <attribute name="Source" namespace="Mlstr_area" valueType="text">Biosample</attribute>
      <attribute name="Laboratory_measures" namespace="Mlstr_areas" valueType="text">Biochemistry</attribute>
      <attribute name="Target" namespace="Mlstr_area" valueType="text">Participant</attribute>
      <attribute name="label" valueType="text" locale="en">CE-OLEIC ACID 18:1</attribute>
      <attribute name="CHECK" valueType="text">COUNTIF(I160:Y160,&quot;*&quot;)</attribute>
    </attributes>
  </variable>
  <variable name="X560" valueType="integer" entityType="Participant" unit="" mimeType="" referencedEntityType="" index="0">
    <attributes>
      <attribute name="Source" namespace="Mlstr_area" valueType="text">Biosample</attribute>
      <attribute name="Laboratory_measures" namespace="Mlstr_areas" valueType="text">Biochemistry</attribute>
      <attribute name="Target" namespace="Mlstr_area" valueType="text">Participant</attribute>
      <attribute name="label" valueType="text" locale="en">CE-PALMITIC ACID 16:0</attribute>
      <attribute name="CHECK" valueType="text">COUNTIF(I162:Y162,&quot;*&quot;)</attribute>
    </attributes>
  </variable>
  <variable name="X561" valueType="integer" entityType="Participant" unit="" mimeType="" referencedEntityType="" index="0">
    <attributes>
      <attribute name="Source" namespace="Mlstr_area" valueType="text">Biosample</attribute>
      <attribute name="Laboratory_measures" namespace="Mlstr_areas" valueType="text">Biochemistry</attribute>
      <attribute name="Target" namespace="Mlstr_area" valueType="text">Participant</attribute>
      <attribute name="label" valueType="text" locale="en">CE-PALMITOLEIC ACID 16:1</attribute>
      <attribute name="CHECK" valueType="text">COUNTIF(I164:Y164,&quot;*&quot;)</attribute>
    </attributes>
  </variable>
  <variable name="X562" valueType="integer" entityType="Participant" unit="" mimeType="" referencedEntityType="" index="0">
    <attributes>
      <attribute name="Source" namespace="Mlstr_area" valueType="text">Biosample</attribute>
      <attribute name="Laboratory_measures" namespace="Mlstr_areas" valueType="text">Biochemistry</attribute>
      <attribute name="Target" namespace="Mlstr_area" valueType="text">Participant</attribute>
      <attribute name="label" valueType="text" locale="en">CE-STEARIC ACID 18:0</attribute>
      <attribute name="CHECK" valueType="text">COUNTIF(I166:Y166,&quot;*&quot;)</attribute>
    </attributes>
  </variable>
  <variable name="X016" valueType="integer" entityType="Participant" unit="mmHg" mimeType="" referencedEntityType="" index="0">
    <attributes>
      <attribute name="Source" namespace="Mlstr_area" valueType="text">Physical measure</attribute>
      <attribute name="Physical_measures" namespace="Mlstr_area" valueType="text">Circulation_respiration</attribute>
      <attribute name="Target" namespace="Mlstr_area" valueType="text">Participant</attribute>
      <attribute name="label" valueType="text" locale="en">DBP SITTING</attribute>
      <attribute name="CHECK" valueType="text">COUNTIF(I192:Y192,&quot;*&quot;)</attribute>
    </attributes>
  </variable>
  <variable name="X018" valueType="integer" entityType="Participant" unit="mmHg" mimeType="" referencedEntityType="" index="0">
    <attributes>
      <attribute name="Source" namespace="Mlstr_area" valueType="text">Physical measure</attribute>
      <attribute name="Physical_measures" namespace="Mlstr_area" valueType="text">Circulation_respiration</attribute>
      <attribute name="Target" namespace="Mlstr_area" valueType="text">Participant</attribute>
      <attribute name="label" valueType="text" locale="en">DBP STANDING</attribute>
      <attribute name="CHECK" valueType="text">COUNTIF(I193:Y193,&quot;*&quot;)</attribute>
    </attributes>
  </variable>
  <variable name="X014" valueType="integer" entityType="Participant" unit="mmHg" mimeType="" referencedEntityType="" index="0">
    <attributes>
      <attribute name="Source" namespace="Mlstr_area" valueType="text">Physical measure</attribute>
      <attribute name="Physical_measures" namespace="Mlstr_area" valueType="text">Circulation_respiration</attribute>
      <attribute name="Target" namespace="Mlstr_area" valueType="text">Participant</attribute>
      <attribute name="label" valueType="text" locale="en">DBP SUPINE</attribute>
      <attribute name="CHECK" valueType="text">COUNTIF(I201:Y201,&quot;*&quot;)</attribute>
    </attributes>
  </variable>
  <variable name="X378" valueType="integer" entityType="Participant" unit="" mimeType="" referencedEntityType="" index="0">
    <attributes>
      <attribute name="Source" namespace="Mlstr_area" valueType="text">Biosample</attribute>
      <attribute name="Laboratory_measures" namespace="Mlstr_areas" valueType="text">Biochemistry</attribute>
      <attribute name="Target" namespace="Mlstr_area" valueType="text">Participant</attribute>
      <attribute name="label" valueType="text" locale="en">DIABETES PREVALENCE</attribute>
      <attribute name="CHECK" valueType="text">COUNTIF(I217:Y217,&quot;*&quot;)</attribute>
    </attributes>
    <categories>
      <category name="0">
        <attributes>
          <attribute name="label" valueType="text" locale="en">No</attribute>
        </attributes>
      </category>
      <category name="1">
        <attributes>
          <attribute name="label" valueType="text" locale="en">Yes</attribute>
        </attributes>
      </category>
    </categories>
  </variable>
  <variable name="X104" valueType="integer" entityType="Participant" unit="" mimeType="" referencedEntityType="" index="0">
    <attributes>
      <attribute name="Source" namespace="Mlstr_area" valueType="text">Questionnaire</attribute>
      <attribute name="Target" namespace="Mlstr_area" valueType="text">Participant</attribute>
      <attribute name="label" valueType="text" locale="en">DM HEREDITY SCORE</attribute>
      <attribute name="CHECK" valueType="text">COUNTIF(I341:Y341,&quot;*&quot;)</attribute>
      <attribute name="Diseases" namespace="Mlstr_area" valueType="text">Endocrine_metabolic_dis</attribute>
    </attributes>
    <categories>
      <category name="0">
        <attributes>
          <attribute name="label" valueType="text" locale="en">None of the parents, siblings or children are diabetic</attribute>
        </attributes>
      </category>
      <category name="1">
        <attributes>
          <attribute name="label" valueType="text" locale="en">1 of following diabetic: father, mother, siblings or children</attribute>
        </attributes>
      </category>
      <category name="2">
        <attributes>
          <attribute name="label" valueType="text" locale="en">2 of following diabetic: father, mother, siblings or children</attribute>
        </attributes>
      </category>
      <category name="3">
        <attributes>
          <attribute name="label" valueType="text" locale="en">3 of following diabetic: father, mother, siblings or children</attribute>
        </attributes>
      </category>
      <category name="4">
        <attributes>
          <attribute name="label" valueType="text" locale="en">4 of following diabetic: father, mother, siblings or children</attribute>
        </attributes>
      </category>
    </categories>
  </variable>
  <variable name="X399" valueType="integer" entityType="Participant" unit="" mimeType="" referencedEntityType="" index="0">
    <attributes>
      <attribute name="Source" namespace="Mlstr_area" valueType="text">Physical measure</attribute>
      <attribute name="Physical_measures" namespace="Mlstr_area" valueType="text">Circulation_respiration</attribute>
      <attribute name="Target" namespace="Mlstr_area" valueType="text">Participant</attribute>
      <attribute name="label" valueType="text" locale="en">ECG STATUS</attribute>
      <attribute name="CHECK" valueType="text">COUNTIF(I409:Y409,&quot;*&quot;)</attribute>
    </attributes>
    <categories>
      <category name="0">
        <attributes>
          <attribute name="label" valueType="text" locale="en">Abnormal ECG</attribute>
        </attributes>
      </category>
      <category name="1">
        <attributes>
          <attribute name="label" valueType="text" locale="en">Normal ECG</attribute>
        </attributes>
      </category>
    </categories>
  </variable>
  <variable name="X026" valueType="integer" entityType="Participant" unit="mm/hr" mimeType="" referencedEntityType="" index="0">
    <attributes>
      <attribute name="Source" namespace="Mlstr_area" valueType="text">Biosample</attribute>
      <attribute name="Laboratory_measures" namespace="Mlstr_areas" valueType="text">Hematology</attribute>
      <attribute name="Target" namespace="Mlstr_area" valueType="text">Participant</attribute>
      <attribute name="label" valueType="text" locale="en">ERYTHROCYTE SED. RATE</attribute>
      <attribute name="CHECK" valueType="text">COUNTIF(I414:Y414,&quot;*&quot;)</attribute>
    </attributes>
  </variable>
  <variable name="X025" valueType="integer" entityType="Participant" unit="%" mimeType="" referencedEntityType="" index="0">
    <attributes>
      <attribute name="Source" namespace="Mlstr_area" valueType="text">Biosample</attribute>
      <attribute name="Laboratory_measures" namespace="Mlstr_areas" valueType="text">Hematology</attribute>
      <attribute name="Target" namespace="Mlstr_area" valueType="text">Participant</attribute>
      <attribute name="label" valueType="text" locale="en">EVF</attribute>
      <attribute name="CHECK" valueType="text">COUNTIF(I415:Y415,&quot;*&quot;)</attribute>
    </attributes>
  </variable>
  <variable name="DAT50" valueType="date" entityType="Participant" unit="" mimeType="" referencedEntityType="" index="0">
    <attributes>
      <attribute name="Source" namespace="Mlstr_area" valueType="text">Questionnaire</attribute>
      <attribute name="Target" namespace="Mlstr_area" valueType="text">Participant</attribute>
      <attribute name="Administrative_information" namespace="Mlstr_areas" valueType="text">Date_time_related_info</attribute>
      <attribute name="label" valueType="text" locale="en">EXAMINATION DATE</attribute>
      <attribute name="CHECK" valueType="text">COUNTIF(I417:Y417,&quot;*&quot;)</attribute>
    </attributes>
  </variable>
  <variable name="X027" valueType="integer" entityType="Participant" unit="mmol/l" mimeType="" referencedEntityType="" index="0">
    <attributes>
      <attribute name="Source" namespace="Mlstr_area" valueType="text">Biosample</attribute>
      <attribute name="Laboratory_measures" namespace="Mlstr_areas" valueType="text">Biochemistry</attribute>
      <attribute name="Target" namespace="Mlstr_area" valueType="text">Participant</attribute>
      <attribute name="label" valueType="text" locale="en">FASTING B-GLUCOSE</attribute>
      <attribute name="CHECK" valueType="text">COUNTIF(I424:Y424,&quot;*&quot;)</attribute>
    </attributes>
  </variable>
  <variable name="X302" valueType="integer" entityType="Participant" unit="mmol/l" mimeType="" referencedEntityType="" index="0">
    <attributes>
      <attribute name="Source" namespace="Mlstr_area" valueType="text">Biosample</attribute>
      <attribute name="Laboratory_measures" namespace="Mlstr_areas" valueType="text">Biochemistry</attribute>
      <attribute name="Target" namespace="Mlstr_area" valueType="text">Participant</attribute>
      <attribute name="label" valueType="text" locale="en">HDL CHOL</attribute>
      <attribute name="CHECK" valueType="text">COUNTIF(I500:Y500,&quot;*&quot;)</attribute>
    </attributes>
  </variable>
  <variable name="X301" valueType="integer" entityType="Participant" unit="mmol/l" mimeType="" referencedEntityType="" index="0">
    <attributes>
      <attribute name="Source" namespace="Mlstr_area" valueType="text">Biosample</attribute>
      <attribute name="Laboratory_measures" namespace="Mlstr_areas" valueType="text">Biochemistry</attribute>
      <attribute name="Target" namespace="Mlstr_area" valueType="text">Participant</attribute>
      <attribute name="label" valueType="text" locale="en">HDL TG</attribute>
      <attribute name="CHECK" valueType="text">COUNTIF(I504:Y504,&quot;*&quot;)</attribute>
    </attributes>
  </variable>
  <variable name="X010" valueType="integer" entityType="Participant" unit="cm" mimeType="" referencedEntityType="" index="0">
    <attributes>
      <attribute name="Source" namespace="Mlstr_area" valueType="text">Physical measure</attribute>
      <attribute name="Physical_measures" namespace="Mlstr_area" valueType="text">Anthropo_measures</attribute>
      <attribute name="Target" namespace="Mlstr_area" valueType="text">Participant</attribute>
      <attribute name="label" valueType="text" locale="en">HEIGHT</attribute>
      <attribute name="CHECK" valueType="text">COUNTIF(I510:Y510,&quot;*&quot;)</attribute>
    </attributes>
  </variable>
  <variable name="X724" valueType="integer" entityType="Participant" unit="" mimeType="" referencedEntityType="" index="0">
    <attributes>
      <attribute name="Source" namespace="Mlstr_area" valueType="text">Physical measure</attribute>
      <attribute name="Physical_measures" namespace="Mlstr_area" valueType="text">Circulation_respiration</attribute>
      <attribute name="Target" namespace="Mlstr_area" valueType="text">Participant</attribute>
      <attribute name="label" valueType="text" locale="en">HIGH AMPLITUDE R-WAVES (3.1/3.3)</attribute>
      <attribute name="CHECK" valueType="text">COUNTIF(I516:Y516,&quot;*&quot;)</attribute>
    </attributes>
    <categories>
      <category name="0">
        <attributes>
          <attribute name="label" valueType="text" locale="en">No</attribute>
        </attributes>
      </category>
      <category name="1">
        <attributes>
          <attribute name="label" valueType="text" locale="en">Yes</attribute>
        </attributes>
      </category>
    </categories>
  </variable>
  <variable name="X604" valueType="integer" entityType="Participant" unit="" mimeType="" referencedEntityType="" index="0">
    <attributes>
      <attribute name="Source" namespace="Mlstr_area" valueType="text">Biosample</attribute>
      <attribute name="Laboratory_measures" namespace="Mlstr_areas" valueType="text">Biochemistry</attribute>
      <attribute name="Target" namespace="Mlstr_area" valueType="text">Participant</attribute>
      <attribute name="label" valueType="text" locale="en">HOMA BETA CELL (fins/(fgluc-3.5))</attribute>
      <attribute name="CHECK" valueType="text">COUNTIF(I523:Y523,&quot;*&quot;)</attribute>
    </attributes>
  </variable>
  <variable name="X605" valueType="integer" entityType="Participant" unit="" mimeType="" referencedEntityType="" index="0">
    <attributes>
      <attribute name="Source" namespace="Mlstr_area" valueType="text">Biosample</attribute>
      <attribute name="Laboratory_measures" namespace="Mlstr_areas" valueType="text">Biochemistry</attribute>
      <attribute name="Target" namespace="Mlstr_area" valueType="text">Participant</attribute>
      <attribute name="label" valueType="text" locale="en">HOMA INSULIN RES (fins*fgluc)</attribute>
      <attribute name="CHECK" valueType="text">COUNTIF(I524:Y524,&quot;*&quot;)</attribute>
    </attributes>
  </variable>
  <variable name="X103" valueType="integer" entityType="Participant" unit="" mimeType="" referencedEntityType="" index="0">
    <attributes>
      <attribute name="Source" namespace="Mlstr_area" valueType="text">Biosample</attribute>
      <attribute name="Laboratory_measures" namespace="Mlstr_areas" valueType="text">Biochemistry</attribute>
      <attribute name="Target" namespace="Mlstr_area" valueType="text">Participant</attribute>
      <attribute name="label" valueType="text" locale="en">HYPERLIPIDAEMIA PREVALENCE</attribute>
      <attribute name="CHECK" valueType="text">COUNTIF(I528:Y528,&quot;*&quot;)</attribute>
    </attributes>
    <categories>
      <category name="0">
        <attributes>
          <attribute name="label" valueType="text" locale="en">No</attribute>
        </attributes>
      </category>
      <category name="1">
        <attributes>
          <attribute name="label" valueType="text" locale="en">Yes</attribute>
        </attributes>
      </category>
    </categories>
  </variable>
  <variable name="X102" valueType="integer" entityType="Participant" unit="" mimeType="" referencedEntityType="" index="0">
    <attributes>
      <attribute name="Source" namespace="Mlstr_area" valueType="text">Physical measure</attribute>
      <attribute name="Physical_measures" namespace="Mlstr_area" valueType="text">Circulation_respiration</attribute>
      <attribute name="Target" namespace="Mlstr_area" valueType="text">Participant</attribute>
      <attribute name="label" valueType="text" locale="en">HYPERTENSION PREVALENCE</attribute>
      <attribute name="CHECK" valueType="text">COUNTIF(I533:Y533,&quot;*&quot;)</attribute>
    </attributes>
    <categories>
      <category name="0">
        <attributes>
          <attribute name="label" valueType="text" locale="en">No</attribute>
        </attributes>
      </category>
      <category name="1">
        <attributes>
          <attribute name="label" valueType="text" locale="en">Yes</attribute>
        </attributes>
      </category>
    </categories>
  </variable>
  <variable name="X101" valueType="integer" entityType="Participant" unit="" mimeType="" referencedEntityType="" index="0">
    <attributes>
      <attribute name="Source" namespace="Mlstr_area" valueType="text">Questionnaire</attribute>
      <attribute name="Target" namespace="Mlstr_area" valueType="text">Participant</attribute>
      <attribute name="Medication_supplements" namespace="Mlstr_area" valueType="text">Medication_suppl</attribute>
      <attribute name="label" valueType="text" locale="en">HYPERTENSION TREATMENT</attribute>
      <attribute name="CHECK" valueType="text">COUNTIF(I537:Y537,&quot;*&quot;)</attribute>
      <attribute name="Diseases" namespace="Mlstr_area" valueType="text">Circulatory_sys_dis</attribute>
    </attributes>
    <categories>
      <category name="0">
        <attributes>
          <attribute name="label" valueType="text" locale="en">No</attribute>
        </attributes>
      </category>
      <category name="1">
        <attributes>
          <attribute name="label" valueType="text" locale="en">Yes</attribute>
        </attributes>
      </category>
    </categories>
  </variable>
  <variable name="X293" valueType="integer" entityType="Participant" unit="" mimeType="" referencedEntityType="" index="0">
    <attributes>
      <attribute name="Source" namespace="Mlstr_area" valueType="text">Biosample</attribute>
      <attribute name="Laboratory_measures" namespace="Mlstr_areas" valueType="text">Biochemistry</attribute>
      <attribute name="Target" namespace="Mlstr_area" valueType="text">Participant</attribute>
      <attribute name="label" valueType="text" locale="en">INSULIN INDEX</attribute>
      <attribute name="CHECK" valueType="text">COUNTIF(I542:Y542,&quot;*&quot;)</attribute>
    </attributes>
  </variable>
  <variable name="X292" valueType="integer" entityType="Participant" unit="µU/ml" mimeType="" referencedEntityType="" index="0">
    <attributes>
      <attribute name="Source" namespace="Mlstr_area" valueType="text">Biosample</attribute>
      <attribute name="Laboratory_measures" namespace="Mlstr_areas" valueType="text">Biochemistry</attribute>
      <attribute name="Target" namespace="Mlstr_area" valueType="text">Participant</attribute>
      <attribute name="label" valueType="text" locale="en">INSULIN PEAK</attribute>
      <attribute name="CHECK" valueType="text">COUNTIF(I544:Y544,&quot;*&quot;)</attribute>
    </attributes>
  </variable>
  <variable name="X041" valueType="integer" entityType="Participant" unit="mmol/l" mimeType="" referencedEntityType="" index="0">
    <attributes>
      <attribute name="Source" namespace="Mlstr_area" valueType="text">Biosample</attribute>
      <attribute name="Laboratory_measures" namespace="Mlstr_areas" valueType="text">Biochemistry</attribute>
      <attribute name="Target" namespace="Mlstr_area" valueType="text">Participant</attribute>
      <attribute name="label" valueType="text" locale="en">IVGTT B-GLUC 0 MIN</attribute>
      <attribute name="CHECK" valueType="text">COUNTIF(I554:Y554,&quot;*&quot;)</attribute>
    </attributes>
  </variable>
  <variable name="X043" valueType="integer" entityType="Participant" unit="mmol/l" mimeType="" referencedEntityType="" index="0">
    <attributes>
      <attribute name="Source" namespace="Mlstr_area" valueType="text">Biosample</attribute>
      <attribute name="Laboratory_measures" namespace="Mlstr_areas" valueType="text">Biochemistry</attribute>
      <attribute name="Target" namespace="Mlstr_area" valueType="text">Participant</attribute>
      <attribute name="label" valueType="text" locale="en">IVGTT B-GLUC 20 MIN</attribute>
      <attribute name="CHECK" valueType="text">COUNTIF(I556:Y556,&quot;*&quot;)</attribute>
    </attributes>
  </variable>
  <variable name="X044" valueType="integer" entityType="Participant" unit="mmol/l" mimeType="" referencedEntityType="" index="0">
    <attributes>
      <attribute name="Source" namespace="Mlstr_area" valueType="text">Biosample</attribute>
      <attribute name="Laboratory_measures" namespace="Mlstr_areas" valueType="text">Biochemistry</attribute>
      <attribute name="Target" namespace="Mlstr_area" valueType="text">Participant</attribute>
      <attribute name="label" valueType="text" locale="en">IVGTT B-GLUC 30 MIN</attribute>
      <attribute name="CHECK" valueType="text">COUNTIF(I558:Y558,&quot;*&quot;)</attribute>
    </attributes>
  </variable>
  <variable name="X045" valueType="integer" entityType="Participant" unit="mmol/l" mimeType="" referencedEntityType="" index="0">
    <attributes>
      <attribute name="Source" namespace="Mlstr_area" valueType="text">Biosample</attribute>
      <attribute name="Laboratory_measures" namespace="Mlstr_areas" valueType="text">Biochemistry</attribute>
      <attribute name="Target" namespace="Mlstr_area" valueType="text">Participant</attribute>
      <attribute name="label" valueType="text" locale="en">IVGTT B-GLUC 40 MIN</attribute>
      <attribute name="CHECK" valueType="text">COUNTIF(I560:Y560,&quot;*&quot;)</attribute>
    </attributes>
  </variable>
  <variable name="X046" valueType="integer" entityType="Participant" unit="mmol/l" mimeType="" referencedEntityType="" index="0">
    <attributes>
      <attribute name="Source" namespace="Mlstr_area" valueType="text">Biosample</attribute>
      <attribute name="Laboratory_measures" namespace="Mlstr_areas" valueType="text">Biochemistry</attribute>
      <attribute name="Target" namespace="Mlstr_area" valueType="text">Participant</attribute>
      <attribute name="label" valueType="text" locale="en">IVGTT B-GLUC 50 MIN</attribute>
      <attribute name="CHECK" valueType="text">COUNTIF(I562:Y562,&quot;*&quot;)</attribute>
    </attributes>
  </variable>
  <variable name="X042" valueType="integer" entityType="Participant" unit="mmol/l" mimeType="" referencedEntityType="" index="0">
    <attributes>
      <attribute name="Source" namespace="Mlstr_area" valueType="text">Biosample</attribute>
      <attribute name="Laboratory_measures" namespace="Mlstr_areas" valueType="text">Biochemistry</attribute>
      <attribute name="Target" namespace="Mlstr_area" valueType="text">Participant</attribute>
      <attribute name="label" valueType="text" locale="en">IVGTT B-GLUC 6 MIN</attribute>
      <attribute name="CHECK" valueType="text">COUNTIF(I564:Y564,&quot;*&quot;)</attribute>
    </attributes>
  </variable>
  <variable name="X047" valueType="integer" entityType="Participant" unit="mmol/l" mimeType="" referencedEntityType="" index="0">
    <attributes>
      <attribute name="Source" namespace="Mlstr_area" valueType="text">Biosample</attribute>
      <attribute name="Laboratory_measures" namespace="Mlstr_areas" valueType="text">Biochemistry</attribute>
      <attribute name="Target" namespace="Mlstr_area" valueType="text">Participant</attribute>
      <attribute name="label" valueType="text" locale="en">IVGTT B-GLUC 60 MIN</attribute>
      <attribute name="CHECK" valueType="text">COUNTIF(I565:Y565,&quot;*&quot;)</attribute>
    </attributes>
  </variable>
  <variable name="X056" valueType="integer" entityType="Participant" unit="" mimeType="" referencedEntityType="" index="0">
    <attributes>
      <attribute name="Source" namespace="Mlstr_area" valueType="text">Biosample</attribute>
      <attribute name="Laboratory_measures" namespace="Mlstr_areas" valueType="text">Biochemistry</attribute>
      <attribute name="Target" namespace="Mlstr_area" valueType="text">Participant</attribute>
      <attribute name="label" valueType="text" locale="en">IVGTT K-VALUE</attribute>
      <attribute name="CHECK" valueType="text">COUNTIF(I567:Y567,&quot;*&quot;)</attribute>
    </attributes>
  </variable>
  <variable name="X048" valueType="integer" entityType="Participant" unit="µU/ml" mimeType="" referencedEntityType="" index="0">
    <attributes>
      <attribute name="Source" namespace="Mlstr_area" valueType="text">Biosample</attribute>
      <attribute name="Laboratory_measures" namespace="Mlstr_areas" valueType="text">Biochemistry</attribute>
      <attribute name="Target" namespace="Mlstr_area" valueType="text">Participant</attribute>
      <attribute name="label" valueType="text" locale="en">IVGTT S-INS 0 MIN</attribute>
      <attribute name="CHECK" valueType="text">COUNTIF(I569:Y569,&quot;*&quot;)</attribute>
    </attributes>
  </variable>
  <variable name="X053" valueType="integer" entityType="Participant" unit="µU/ml" mimeType="" referencedEntityType="" index="0">
    <attributes>
      <attribute name="Source" namespace="Mlstr_area" valueType="text">Biosample</attribute>
      <attribute name="Laboratory_measures" namespace="Mlstr_areas" valueType="text">Biochemistry</attribute>
      <attribute name="Target" namespace="Mlstr_area" valueType="text">Participant</attribute>
      <attribute name="label" valueType="text" locale="en">IVGTT S-INS 20 MIN</attribute>
      <attribute name="CHECK" valueType="text">COUNTIF(I571:Y571,&quot;*&quot;)</attribute>
    </attributes>
  </variable>
  <variable name="X049" valueType="integer" entityType="Participant" unit="µU/ml" mimeType="" referencedEntityType="" index="0">
    <attributes>
      <attribute name="Source" namespace="Mlstr_area" valueType="text">Biosample</attribute>
      <attribute name="Laboratory_measures" namespace="Mlstr_areas" valueType="text">Biochemistry</attribute>
      <attribute name="Target" namespace="Mlstr_area" valueType="text">Participant</attribute>
      <attribute name="label" valueType="text" locale="en">IVGTT S-INS 3 MIN</attribute>
      <attribute name="CHECK" valueType="text">COUNTIF(I572:Y572,&quot;*&quot;)</attribute>
    </attributes>
  </variable>
  <variable name="X050" valueType="integer" entityType="Participant" unit="µU/ml" mimeType="" referencedEntityType="" index="0">
    <attributes>
      <attribute name="Source" namespace="Mlstr_area" valueType="text">Biosample</attribute>
      <attribute name="Laboratory_measures" namespace="Mlstr_areas" valueType="text">Biochemistry</attribute>
      <attribute name="Target" namespace="Mlstr_area" valueType="text">Participant</attribute>
      <attribute name="label" valueType="text" locale="en">IVGTT S-INS 4 MIN</attribute>
      <attribute name="CHECK" valueType="text">COUNTIF(I573:Y573,&quot;*&quot;)</attribute>
    </attributes>
  </variable>
  <variable name="X054" valueType="integer" entityType="Participant" unit="µU/ml" mimeType="" referencedEntityType="" index="0">
    <attributes>
      <attribute name="Source" namespace="Mlstr_area" valueType="text">Biosample</attribute>
      <attribute name="Laboratory_measures" namespace="Mlstr_areas" valueType="text">Biochemistry</attribute>
      <attribute name="Target" namespace="Mlstr_area" valueType="text">Participant</attribute>
      <attribute name="label" valueType="text" locale="en">IVGTT S-INS 40 MIN</attribute>
      <attribute name="CHECK" valueType="text">COUNTIF(I575:Y575,&quot;*&quot;)</attribute>
    </attributes>
  </variable>
  <variable name="X051" valueType="integer" entityType="Participant" unit="µU/ml" mimeType="" referencedEntityType="" index="0">
    <attributes>
      <attribute name="Source" namespace="Mlstr_area" valueType="text">Biosample</attribute>
      <attribute name="Laboratory_measures" namespace="Mlstr_areas" valueType="text">Biochemistry</attribute>
      <attribute name="Target" namespace="Mlstr_area" valueType="text">Participant</attribute>
      <attribute name="label" valueType="text" locale="en">IVGTT S-INS 6 MIN</attribute>
      <attribute name="CHECK" valueType="text">COUNTIF(I576:Y576,&quot;*&quot;)</attribute>
    </attributes>
  </variable>
  <variable name="X055" valueType="integer" entityType="Participant" unit="µU/ml" mimeType="" referencedEntityType="" index="0">
    <attributes>
      <attribute name="Source" namespace="Mlstr_area" valueType="text">Biosample</attribute>
      <attribute name="Laboratory_measures" namespace="Mlstr_areas" valueType="text">Biochemistry</attribute>
      <attribute name="Target" namespace="Mlstr_area" valueType="text">Participant</attribute>
      <attribute name="label" valueType="text" locale="en">IVGTT S-INS 60 MIN</attribute>
      <attribute name="CHECK" valueType="text">COUNTIF(I578:Y578,&quot;*&quot;)</attribute>
    </attributes>
  </variable>
  <variable name="X052" valueType="integer" entityType="Participant" unit="µU/ml" mimeType="" referencedEntityType="" index="0">
    <attributes>
      <attribute name="Source" namespace="Mlstr_area" valueType="text">Biosample</attribute>
      <attribute name="Laboratory_measures" namespace="Mlstr_areas" valueType="text">Biochemistry</attribute>
      <attribute name="Target" namespace="Mlstr_area" valueType="text">Participant</attribute>
      <attribute name="label" valueType="text" locale="en">IVGTT S-INS 8 MIN</attribute>
      <attribute name="CHECK" valueType="text">COUNTIF(I580:Y580,&quot;*&quot;)</attribute>
    </attributes>
  </variable>
  <variable name="X324" valueType="integer" entityType="Participant" unit="mmol/l" mimeType="" referencedEntityType="" index="0">
    <attributes>
      <attribute name="Source" namespace="Mlstr_area" valueType="text">Biosample</attribute>
      <attribute name="Laboratory_measures" namespace="Mlstr_areas" valueType="text">Biochemistry</attribute>
      <attribute name="Target" namespace="Mlstr_area" valueType="text">Participant</attribute>
      <attribute name="label" valueType="text" locale="en">LDL CHOL</attribute>
      <attribute name="CHECK" valueType="text">COUNTIF(I584:Y584,&quot;*&quot;)</attribute>
    </attributes>
  </variable>
  <variable name="X728" valueType="integer" entityType="Participant" unit="" mimeType="" referencedEntityType="" index="0">
    <attributes>
      <attribute name="Source" namespace="Mlstr_area" valueType="text">Physical measure</attribute>
      <attribute name="Physical_measures" namespace="Mlstr_area" valueType="text">Circulation_respiration</attribute>
      <attribute name="Target" namespace="Mlstr_area" valueType="text">Participant</attribute>
      <attribute name="label" valueType="text" locale="en">LEFT BUNDLE BRANCH BLOCK (7.1)</attribute>
      <attribute name="CHECK" valueType="text">COUNTIF(I589:Y589,&quot;*&quot;)</attribute>
    </attributes>
    <categories>
      <category name="0">
        <attributes>
          <attribute name="label" valueType="text" locale="en">No</attribute>
        </attributes>
      </category>
      <category name="1">
        <attributes>
          <attribute name="label" valueType="text" locale="en">Yes</attribute>
        </attributes>
      </category>
    </categories>
  </variable>
  <variable name="X106" valueType="integer" entityType="Participant" unit="" mimeType="" referencedEntityType="" index="0">
    <attributes>
      <attribute name="Lifestyle_behaviours" namespace="Mlstr_area" valueType="text">Phys_act</attribute>
      <attribute name="Source" namespace="Mlstr_area" valueType="text">Questionnaire</attribute>
      <attribute name="Target" namespace="Mlstr_area" valueType="text">Participant</attribute>
      <attribute name="label" valueType="text" locale="en">LEISURE TIME PHYSICAL ACTIVITY</attribute>
      <attribute name="CHECK" valueType="text">COUNTIF(I593:Y593,&quot;*&quot;)</attribute>
    </attributes>
    <categories>
      <category name="1">
        <attributes>
          <attribute name="label" valueType="text" locale="en">Sedentary</attribute>
        </attributes>
      </category>
      <category name="2">
        <attributes>
          <attribute name="label" valueType="text" locale="en">Moderate</attribute>
        </attributes>
      </category>
      <category name="3">
        <attributes>
          <attribute name="label" valueType="text" locale="en">Regular</attribute>
        </attributes>
      </category>
      <category name="4">
        <attributes>
          <attribute name="label" valueType="text" locale="en">Athletic</attribute>
        </attributes>
      </category>
    </categories>
  </variable>
  <variable name="X107" valueType="integer" entityType="Participant" unit="" mimeType="" referencedEntityType="" index="0">
    <attributes>
      <attribute name="Lifestyle_behaviours" namespace="Mlstr_area" valueType="text">Phys_act</attribute>
      <attribute name="Source" namespace="Mlstr_area" valueType="text">Questionnaire</attribute>
      <attribute name="Target" namespace="Mlstr_area" valueType="text">Questionnaire</attribute>
      <attribute name="label" valueType="text" locale="en">PHYSICAL ACTIVITY AT WORK</attribute>
      <attribute name="CHECK" valueType="text">COUNTIF(I663:Y663,&quot;*&quot;)</attribute>
    </attributes>
    <categories>
      <category name="1">
        <attributes>
          <attribute name="label" valueType="text" locale="en">Sedentary</attribute>
        </attributes>
      </category>
      <category name="2">
        <attributes>
          <attribute name="label" valueType="text" locale="en">Mostly standing and walking</attribute>
        </attributes>
      </category>
      <category name="3">
        <attributes>
          <attribute name="label" valueType="text" locale="en">Heavy lifts (&gt;10 kg)</attribute>
        </attributes>
      </category>
      <category name="4">
        <attributes>
          <attribute name="label" valueType="text" locale="en">Physically demanding work</attribute>
        </attributes>
      </category>
    </categories>
  </variable>
  <variable name="X019" valueType="integer" entityType="Participant" unit="beats/min" mimeType="" referencedEntityType="" index="0">
    <attributes>
      <attribute name="Source" namespace="Mlstr_area" valueType="text">Physical measure</attribute>
      <attribute name="Physical_measures" namespace="Mlstr_area" valueType="text">Circulation_respiration</attribute>
      <attribute name="Target" namespace="Mlstr_area" valueType="text">Participant</attribute>
      <attribute name="label" valueType="text" locale="en">PULSE RATE</attribute>
      <attribute name="CHECK" valueType="text">COUNTIF(I682:Y682,&quot;*&quot;)</attribute>
    </attributes>
  </variable>
  <variable name="X720" valueType="integer" entityType="Participant" unit="" mimeType="" referencedEntityType="" index="0">
    <attributes>
      <attribute name="Source" namespace="Mlstr_area" valueType="text">Physical measure</attribute>
      <attribute name="Physical_measures" namespace="Mlstr_area" valueType="text">Circulation_respiration</attribute>
      <attribute name="Target" namespace="Mlstr_area" valueType="text">Participant</attribute>
      <attribute name="label" valueType="text" locale="en">Q OR QS PATTERN (1.1)</attribute>
      <attribute name="CHECK" valueType="text">COUNTIF(I690:Y690,&quot;*&quot;)</attribute>
    </attributes>
    <categories>
      <category name="0">
        <attributes>
          <attribute name="label" valueType="text" locale="en">No</attribute>
        </attributes>
      </category>
      <category name="1">
        <attributes>
          <attribute name="label" valueType="text" locale="en">Yes</attribute>
        </attributes>
      </category>
    </categories>
  </variable>
  <variable name="X721" valueType="integer" entityType="Participant" unit="" mimeType="" referencedEntityType="" index="0">
    <attributes>
      <attribute name="Source" namespace="Mlstr_area" valueType="text">Physical measure</attribute>
      <attribute name="Physical_measures" namespace="Mlstr_area" valueType="text">Circulation_respiration</attribute>
      <attribute name="Target" namespace="Mlstr_area" valueType="text">Participant</attribute>
      <attribute name="label" valueType="text" locale="en">Q OR QS PATTERN (1.2/1.3)</attribute>
      <attribute name="CHECK" valueType="text">COUNTIF(I697:Y697,&quot;*&quot;)</attribute>
    </attributes>
    <categories>
      <category name="0">
        <attributes>
          <attribute name="label" valueType="text" locale="en">No</attribute>
        </attributes>
      </category>
      <category name="1">
        <attributes>
          <attribute name="label" valueType="text" locale="en">Yes</attribute>
        </attributes>
      </category>
    </categories>
  </variable>
  <variable name="X723" valueType="integer" entityType="Participant" unit="" mimeType="" referencedEntityType="" index="0">
    <attributes>
      <attribute name="Source" namespace="Mlstr_area" valueType="text">Physical measure</attribute>
      <attribute name="Physical_measures" namespace="Mlstr_area" valueType="text">Circulation_respiration</attribute>
      <attribute name="Target" namespace="Mlstr_area" valueType="text">Participant</attribute>
      <attribute name="label" valueType="text" locale="en">QRS AXIS DEVIATION (2.X)</attribute>
      <attribute name="CHECK" valueType="text">COUNTIF(I703:Y703,&quot;*&quot;)</attribute>
    </attributes>
    <categories>
      <category name="0">
        <attributes>
          <attribute name="label" valueType="text" locale="en">No</attribute>
        </attributes>
      </category>
      <category name="1">
        <attributes>
          <attribute name="label" valueType="text" locale="en">Yes</attribute>
        </attributes>
      </category>
    </categories>
  </variable>
  <variable name="X572" valueType="integer" entityType="Participant" unit="µg/l" mimeType="" referencedEntityType="" index="0">
    <attributes>
      <attribute name="Source" namespace="Mlstr_area" valueType="text">Biosample</attribute>
      <attribute name="Laboratory_measures" namespace="Mlstr_areas" valueType="text">Biochemistry</attribute>
      <attribute name="Target" namespace="Mlstr_area" valueType="text">Participant</attribute>
      <attribute name="label" valueType="text" locale="en">RETINOL</attribute>
      <attribute name="CHECK" valueType="text">COUNTIF(I710:Y710,&quot;*&quot;)</attribute>
    </attributes>
  </variable>
  <variable name="X036" valueType="integer" entityType="Participant" unit="mmol/l" mimeType="" referencedEntityType="" index="0">
    <attributes>
      <attribute name="Source" namespace="Mlstr_area" valueType="text">Biosample</attribute>
      <attribute name="Laboratory_measures" namespace="Mlstr_areas" valueType="text">Biochemistry</attribute>
      <attribute name="Target" namespace="Mlstr_area" valueType="text">Participant</attribute>
      <attribute name="label" valueType="text" locale="en">S-ALBUMIN</attribute>
      <attribute name="CHECK" valueType="text">COUNTIF(I729:Y729,&quot;*&quot;)</attribute>
    </attributes>
  </variable>
  <variable name="X015" valueType="integer" entityType="Participant" unit="mmHg" mimeType="" referencedEntityType="" index="0">
    <attributes>
      <attribute name="Source" namespace="Mlstr_area" valueType="text">Physical measure</attribute>
      <attribute name="Physical_measures" namespace="Mlstr_area" valueType="text">Circulation_respiration</attribute>
      <attribute name="Target" namespace="Mlstr_area" valueType="text">Participant</attribute>
      <attribute name="label" valueType="text" locale="en">SBP SITTING</attribute>
      <attribute name="CHECK" valueType="text">COUNTIF(I737:Y737,&quot;*&quot;)</attribute>
    </attributes>
  </variable>
  <variable name="X017" valueType="integer" entityType="Participant" unit="mmHg" mimeType="" referencedEntityType="" index="0">
    <attributes>
      <attribute name="Source" namespace="Mlstr_area" valueType="text">Physical measure</attribute>
      <attribute name="Physical_measures" namespace="Mlstr_area" valueType="text">Circulation_respiration</attribute>
      <attribute name="Target" namespace="Mlstr_area" valueType="text">Participant</attribute>
      <attribute name="label" valueType="text" locale="en">SBP STANDING</attribute>
      <attribute name="CHECK" valueType="text">COUNTIF(I738:Y738,&quot;*&quot;)</attribute>
    </attributes>
  </variable>
  <variable name="X013" valueType="integer" entityType="Participant" unit="mmHg" mimeType="" referencedEntityType="" index="0">
    <attributes>
      <attribute name="Source" namespace="Mlstr_area" valueType="text">Physical measure</attribute>
      <attribute name="Physical_measures" namespace="Mlstr_area" valueType="text">Circulation_respiration</attribute>
      <attribute name="Target" namespace="Mlstr_area" valueType="text">Participant</attribute>
      <attribute name="label" valueType="text" locale="en">SBP SUPINE</attribute>
      <attribute name="CHECK" valueType="text">COUNTIF(I746:Y746,&quot;*&quot;)</attribute>
    </attributes>
  </variable>
  <variable name="X033" valueType="integer" entityType="Participant" unit="mmol/l" mimeType="" referencedEntityType="" index="0">
    <attributes>
      <attribute name="Source" namespace="Mlstr_area" valueType="text">Biosample</attribute>
      <attribute name="Laboratory_measures" namespace="Mlstr_areas" valueType="text">Biochemistry</attribute>
      <attribute name="Target" namespace="Mlstr_area" valueType="text">Participant</attribute>
      <attribute name="label" valueType="text" locale="en">S-CALCIUM</attribute>
      <attribute name="CHECK" valueType="text">COUNTIF(I751:Y751,&quot;*&quot;)</attribute>
    </attributes>
  </variable>
  <variable name="X039" valueType="integer" entityType="Participant" unit="mg/100ml" mimeType="" referencedEntityType="" index="0">
    <attributes>
      <attribute name="Source" namespace="Mlstr_area" valueType="text">Biosample</attribute>
      <attribute name="Laboratory_measures" namespace="Mlstr_areas" valueType="text">Biochemistry</attribute>
      <attribute name="Target" namespace="Mlstr_area" valueType="text">Participant</attribute>
      <attribute name="label" valueType="text" locale="en">S-CREATININE</attribute>
      <attribute name="CHECK" valueType="text">COUNTIF(I754:Y754,&quot;*&quot;)</attribute>
    </attributes>
  </variable>
  <variable name="X574" valueType="integer" entityType="Participant" unit="µg/l" mimeType="" referencedEntityType="" index="0">
    <attributes>
      <attribute name="Source" namespace="Mlstr_area" valueType="text">Biosample</attribute>
      <attribute name="Laboratory_measures" namespace="Mlstr_areas" valueType="text">Toxicology</attribute>
      <attribute name="Target" namespace="Mlstr_area" valueType="text">Participant</attribute>
      <attribute name="label" valueType="text" locale="en">SELENIUM</attribute>
      <attribute name="CHECK" valueType="text">COUNTIF(I756:Y756,&quot;*&quot;)</attribute>
    </attributes>
  </variable>
  <variable name="X972" valueType="integer" entityType="Participant" unit="mmol/l" mimeType="" referencedEntityType="" index="0">
    <attributes>
      <attribute name="Source" namespace="Mlstr_area" valueType="text">Biosample</attribute>
      <attribute name="Laboratory_measures" namespace="Mlstr_areas" valueType="text">Biochemistry</attribute>
      <attribute name="Target" namespace="Mlstr_area" valueType="text">Participant</attribute>
      <attribute name="label" valueType="text" locale="en">SERUM CHOL</attribute>
      <attribute name="CHECK" valueType="text">COUNTIF(I763:Y763,&quot;*&quot;)</attribute>
    </attributes>
  </variable>
  <variable name="X971" valueType="integer" entityType="Participant" unit="mmol/l" mimeType="" referencedEntityType="" index="0">
    <attributes>
      <attribute name="Source" namespace="Mlstr_area" valueType="text">Biosample</attribute>
      <attribute name="Laboratory_measures" namespace="Mlstr_areas" valueType="text">Biochemistry</attribute>
      <attribute name="Target" namespace="Mlstr_area" valueType="text">Participant</attribute>
      <attribute name="label" valueType="text" locale="en">SERUM TG</attribute>
      <attribute name="CHECK" valueType="text">COUNTIF(I772:Y772,&quot;*&quot;)</attribute>
    </attributes>
  </variable>
  <variable name="X024" valueType="integer" entityType="Participant" unit="mm" mimeType="" referencedEntityType="" index="0">
    <attributes>
      <attribute name="Source" namespace="Mlstr_area" valueType="text">Physical measure</attribute>
      <attribute name="Physical_measures" namespace="Mlstr_area" valueType="text">Skin_subcutaneous</attribute>
      <attribute name="Target" namespace="Mlstr_area" valueType="text">Participant</attribute>
      <attribute name="label" valueType="text" locale="en">SKINFOLD ABDOMINAL</attribute>
      <attribute name="CHECK" valueType="text">COUNTIF(I785:Y785,&quot;*&quot;)</attribute>
    </attributes>
  </variable>
  <variable name="X023" valueType="integer" entityType="Participant" unit="mm" mimeType="" referencedEntityType="" index="0">
    <attributes>
      <attribute name="Source" namespace="Mlstr_area" valueType="text">Physical measure</attribute>
      <attribute name="Physical_measures" namespace="Mlstr_area" valueType="text">Skin_subcutaneous</attribute>
      <attribute name="Target" namespace="Mlstr_area" valueType="text">Participant</attribute>
      <attribute name="label" valueType="text" locale="en">SKINFOLD SUBSCAPULAR</attribute>
      <attribute name="CHECK" valueType="text">COUNTIF(I787:Y787,&quot;*&quot;)</attribute>
    </attributes>
  </variable>
  <variable name="X022" valueType="integer" entityType="Participant" unit="mm" mimeType="" referencedEntityType="" index="0">
    <attributes>
      <attribute name="Source" namespace="Mlstr_area" valueType="text">Physical measure</attribute>
      <attribute name="Physical_measures" namespace="Mlstr_area" valueType="text">Skin_subcutaneous</attribute>
      <attribute name="Target" namespace="Mlstr_area" valueType="text">Participant</attribute>
      <attribute name="label" valueType="text" locale="en">SKINFOLD TRICEPS</attribute>
      <attribute name="CHECK" valueType="text">COUNTIF(I789:Y789,&quot;*&quot;)</attribute>
    </attributes>
  </variable>
  <variable name="X085" valueType="integer" entityType="Participant" unit="" mimeType="" referencedEntityType="" index="0">
    <attributes>
      <attribute name="Lifestyle_behaviours" namespace="Mlstr_area" valueType="text">Tobacco</attribute>
      <attribute name="Source" namespace="Mlstr_area" valueType="text">Questionnaire</attribute>
      <attribute name="Target" namespace="Mlstr_area" valueType="text">Participant</attribute>
      <attribute name="label" valueType="text" locale="en">SMOKING</attribute>
      <attribute name="CHECK" valueType="text">COUNTIF(I792:Y792,&quot;*&quot;)</attribute>
    </attributes>
    <categories>
      <category name="0">
        <attributes>
          <attribute name="label" valueType="text" locale="en">Non smoker</attribute>
        </attributes>
      </category>
      <category name="1">
        <attributes>
          <attribute name="label" valueType="text" locale="en">Smoker</attribute>
        </attributes>
      </category>
      <category name="2">
        <attributes>
          <attribute name="label" valueType="text" locale="en">Ex-smoker</attribute>
        </attributes>
      </category>
    </categories>
  </variable>
  <variable name="X035" valueType="integer" entityType="Participant" unit="mmol/l" mimeType="" referencedEntityType="" index="0">
    <attributes>
      <attribute name="Source" namespace="Mlstr_area" valueType="text">Biosample</attribute>
      <attribute name="Laboratory_measures" namespace="Mlstr_areas" valueType="text">Biochemistry</attribute>
      <attribute name="Target" namespace="Mlstr_area" valueType="text">Participant</attribute>
      <attribute name="label" valueType="text" locale="en">S-PHOSPHATE</attribute>
      <attribute name="CHECK" valueType="text">COUNTIF(I793:Y793,&quot;*&quot;)</attribute>
    </attributes>
  </variable>
  <variable name="X032" valueType="integer" entityType="Participant" unit="mmol/l" mimeType="" referencedEntityType="" index="0">
    <attributes>
      <attribute name="Source" namespace="Mlstr_area" valueType="text">Biosample</attribute>
      <attribute name="Laboratory_measures" namespace="Mlstr_areas" valueType="text">Biochemistry</attribute>
      <attribute name="Target" namespace="Mlstr_area" valueType="text">Participant</attribute>
      <attribute name="label" valueType="text" locale="en">S-POTASSIUM</attribute>
      <attribute name="CHECK" valueType="text">COUNTIF(I796:Y796,&quot;*&quot;)</attribute>
    </attributes>
  </variable>
  <variable name="X031" valueType="integer" entityType="Participant" unit="mmol/l" mimeType="" referencedEntityType="" index="0">
    <attributes>
      <attribute name="Source" namespace="Mlstr_area" valueType="text">Biosample</attribute>
      <attribute name="Laboratory_measures" namespace="Mlstr_areas" valueType="text">Biochemistry</attribute>
      <attribute name="Target" namespace="Mlstr_area" valueType="text">Participant</attribute>
      <attribute name="label" valueType="text" locale="en">S-SODIUM</attribute>
      <attribute name="CHECK" valueType="text">COUNTIF(I797:Y797,&quot;*&quot;)</attribute>
    </attributes>
  </variable>
  <variable name="X725" valueType="integer" entityType="Participant" unit="" mimeType="" referencedEntityType="" index="0">
    <attributes>
      <attribute name="Source" namespace="Mlstr_area" valueType="text">Physical measure</attribute>
      <attribute name="Physical_measures" namespace="Mlstr_area" valueType="text">Circulation_respiration</attribute>
      <attribute name="Target" namespace="Mlstr_area" valueType="text">Participant</attribute>
      <attribute name="label" valueType="text" locale="en">ST-SEGMENT DEPRESSION (4.1/4.2)</attribute>
      <attribute name="CHECK" valueType="text">COUNTIF(I802:Y802,&quot;*&quot;)</attribute>
    </attributes>
    <categories>
      <category name="0">
        <attributes>
          <attribute name="label" valueType="text" locale="en">No</attribute>
        </attributes>
      </category>
      <category name="1">
        <attributes>
          <attribute name="label" valueType="text" locale="en">Yes</attribute>
        </attributes>
      </category>
    </categories>
  </variable>
  <variable name="X732" valueType="integer" entityType="Participant" unit="" mimeType="" referencedEntityType="" index="0">
    <attributes>
      <attribute name="Source" namespace="Mlstr_area" valueType="text">Physical measure</attribute>
      <attribute name="Physical_measures" namespace="Mlstr_area" valueType="text">Circulation_respiration</attribute>
      <attribute name="Target" namespace="Mlstr_area" valueType="text">Participant</attribute>
      <attribute name="label" valueType="text" locale="en">ST-SEGMENT ELEVATION (9.2)</attribute>
      <attribute name="CHECK" valueType="text">COUNTIF(I806:Y806,&quot;*&quot;)</attribute>
    </attributes>
    <categories>
      <category name="0">
        <attributes>
          <attribute name="label" valueType="text" locale="en">No</attribute>
        </attributes>
      </category>
      <category name="1">
        <attributes>
          <attribute name="label" valueType="text" locale="en">Yes</attribute>
        </attributes>
      </category>
    </categories>
  </variable>
  <variable name="X040" valueType="integer" entityType="Participant" unit="mg/100ml" mimeType="" referencedEntityType="" index="0">
    <attributes>
      <attribute name="Source" namespace="Mlstr_area" valueType="text">Biosample</attribute>
      <attribute name="Laboratory_measures" namespace="Mlstr_areas" valueType="text">Biochemistry</attribute>
      <attribute name="Target" namespace="Mlstr_area" valueType="text">Participant</attribute>
      <attribute name="label" valueType="text" locale="en">S-URIC ACID</attribute>
      <attribute name="CHECK" valueType="text">COUNTIF(I808:Y808,&quot;*&quot;)</attribute>
    </attributes>
  </variable>
  <variable name="X726" valueType="integer" entityType="Participant" unit="" mimeType="" referencedEntityType="" index="0">
    <attributes>
      <attribute name="Source" namespace="Mlstr_area" valueType="text">Physical measure</attribute>
      <attribute name="Physical_measures" namespace="Mlstr_area" valueType="text">Circulation_respiration</attribute>
      <attribute name="Target" namespace="Mlstr_area" valueType="text">Participant</attribute>
      <attribute name="label" valueType="text" locale="en">T-WAVE ITEMS (5.1-5.3)</attribute>
      <attribute name="CHECK" valueType="text">COUNTIF(I822:Y822,&quot;*&quot;)</attribute>
    </attributes>
    <categories>
      <category name="0">
        <attributes>
          <attribute name="label" valueType="text" locale="en">No</attribute>
        </attributes>
      </category>
      <category name="1">
        <attributes>
          <attribute name="label" valueType="text" locale="en">Yes</attribute>
        </attributes>
      </category>
    </categories>
  </variable>
  <variable name="X729" valueType="integer" entityType="Participant" unit="" mimeType="" referencedEntityType="" index="0">
    <attributes>
      <attribute name="Source" namespace="Mlstr_area" valueType="text">Physical measure</attribute>
      <attribute name="Physical_measures" namespace="Mlstr_area" valueType="text">Circulation_respiration</attribute>
      <attribute name="Target" namespace="Mlstr_area" valueType="text">Participant</attribute>
      <attribute name="label" valueType="text" locale="en">VENTR. CONDUCTION DEFECTS (7.X)</attribute>
      <attribute name="CHECK" valueType="text">COUNTIF(I837:Y837,&quot;*&quot;)</attribute>
    </attributes>
    <categories>
      <category name="0">
        <attributes>
          <attribute name="label" valueType="text" locale="en">No</attribute>
        </attributes>
      </category>
      <category name="1">
        <attributes>
          <attribute name="label" valueType="text" locale="en">Yes</attribute>
        </attributes>
      </category>
    </categories>
  </variable>
  <variable name="X020" valueType="integer" entityType="Participant" unit="cm" mimeType="" referencedEntityType="" index="0">
    <attributes>
      <attribute name="Source" namespace="Mlstr_area" valueType="text">Physical measure</attribute>
      <attribute name="Physical_measures" namespace="Mlstr_area" valueType="text">Anthropo_measures</attribute>
      <attribute name="Target" namespace="Mlstr_area" valueType="text">Participant</attribute>
      <attribute name="label" valueType="text" locale="en">WAIST CIRCUMF.</attribute>
      <attribute name="CHECK" valueType="text">COUNTIF(I846:Y846,&quot;*&quot;)</attribute>
    </attributes>
  </variable>
  <variable name="X011" valueType="integer" entityType="Participant" unit="kg" mimeType="" referencedEntityType="" index="0">
    <attributes>
      <attribute name="Source" namespace="Mlstr_area" valueType="text">Physical measure</attribute>
      <attribute name="Physical_measures" namespace="Mlstr_area" valueType="text">Anthropo_measures</attribute>
      <attribute name="Target" namespace="Mlstr_area" valueType="text">Participant</attribute>
      <attribute name="label" valueType="text" locale="en">WEIGHT</attribute>
      <attribute name="CHECK" valueType="text">COUNTIF(I852:Y852,&quot;*&quot;)</attribute>
    </attributes>
  </variable>
</variables>