<variables>
  <variable name="V625" valueType="integer" entityType="Participant" unit="mmHg" mimeType="" referencedEntityType="" index="0">
    <attributes>
      <attribute name="Source" namespace="Mlstr_area" valueType="text">Physical measure</attribute>
      <attribute name="Physical_measures" namespace="Mlstr_area" valueType="text">Circulation_respiration</attribute>
      <attribute name="Target" namespace="Mlstr_area" valueType="text">Participant</attribute>
      <attribute name="label" valueType="text" locale="en">24H DIASTOLIC BP</attribute>
      <attribute name="CHECK" valueType="text">COUNTIF(I7:Y7,&quot;*&quot;)</attribute>
    </attributes>
  </variable>
  <variable name="V628" valueType="integer" entityType="Participant" unit="mmHg" mimeType="" referencedEntityType="" index="0">
    <attributes>
      <attribute name="Source" namespace="Mlstr_area" valueType="text">Physical measure</attribute>
      <attribute name="Physical_measures" namespace="Mlstr_area" valueType="text">Circulation_respiration</attribute>
      <attribute name="Target" namespace="Mlstr_area" valueType="text">Participant</attribute>
      <attribute name="label" valueType="text" locale="en">24H MEAN ARTERIAL BP</attribute>
      <attribute name="CHECK" valueType="text">COUNTIF(I9:Y9,&quot;*&quot;)</attribute>
    </attributes>
  </variable>
  <variable name="V631" valueType="integer" entityType="Participant" unit="beats/min" mimeType="" referencedEntityType="" index="0">
    <attributes>
      <attribute name="Source" namespace="Mlstr_area" valueType="text">Physical measure</attribute>
      <attribute name="Physical_measures" namespace="Mlstr_area" valueType="text">Circulation_respiration</attribute>
      <attribute name="Target" namespace="Mlstr_area" valueType="text">Participant</attribute>
      <attribute name="label" valueType="text" locale="en">24H PULSE RATE</attribute>
      <attribute name="CHECK" valueType="text">COUNTIF(I11:Y11,&quot;*&quot;)</attribute>
    </attributes>
  </variable>
  <variable name="V622" valueType="integer" entityType="Participant" unit="mmHg" mimeType="" referencedEntityType="" index="0">
    <attributes>
      <attribute name="Source" namespace="Mlstr_area" valueType="text">Physical measure</attribute>
      <attribute name="Physical_measures" namespace="Mlstr_area" valueType="text">Circulation_respiration</attribute>
      <attribute name="Target" namespace="Mlstr_area" valueType="text">Participant</attribute>
      <attribute name="label" valueType="text" locale="en">24H SYSTOLIC BP</attribute>
      <attribute name="CHECK" valueType="text">COUNTIF(I13:Y13,&quot;*&quot;)</attribute>
    </attributes>
  </variable>
  <variable name="AGE77" valueType="integer" entityType="Participant" unit="years" mimeType="" referencedEntityType="" index="0">
    <attributes>
      <attribute name="Source" namespace="Mlstr_area" valueType="text">Questionnaire</attribute>
      <attribute name="Target" namespace="Mlstr_area" valueType="text">Participant</attribute>
      <attribute name="Sociodemographic_economic_characteristics" namespace="Mlstr_area" valueType="text">Age</attribute>
      <attribute name="label" valueType="text" locale="en">AGE</attribute>
      <attribute name="CHECK" valueType="text">COUNTIF(I37:Y37,&quot;*&quot;)</attribute>
    </attributes>
  </variable>
  <variable name="V744" valueType="integer" entityType="Participant" unit="mm" mimeType="" referencedEntityType="" index="0">
    <attributes>
      <attribute name="Source" namespace="Mlstr_area" valueType="text">Physical measure</attribute>
      <attribute name="Physical_measures" namespace="Mlstr_area" valueType="text">Circulation_respiration</attribute>
      <attribute name="Target" namespace="Mlstr_area" valueType="text">Participant</attribute>
      <attribute name="label" valueType="text" locale="en">AMPLITUDE RaVL</attribute>
      <attribute name="CHECK" valueType="text">COUNTIF(I45:Y45,&quot;*&quot;)</attribute>
    </attributes>
  </variable>
  <variable name="V742" valueType="integer" entityType="Participant" unit="mm" mimeType="" referencedEntityType="" index="0">
    <attributes>
      <attribute name="Source" namespace="Mlstr_area" valueType="text">Physical measure</attribute>
      <attribute name="Physical_measures" namespace="Mlstr_area" valueType="text">Circulation_respiration</attribute>
      <attribute name="Target" namespace="Mlstr_area" valueType="text">Participant</attribute>
      <attribute name="label" valueType="text" locale="en">AMPLITUDE Rv5</attribute>
      <attribute name="CHECK" valueType="text">COUNTIF(I47:Y47,&quot;*&quot;)</attribute>
    </attributes>
  </variable>
  <variable name="V743" valueType="integer" entityType="Participant" unit="mm" mimeType="" referencedEntityType="" index="0">
    <attributes>
      <attribute name="Source" namespace="Mlstr_area" valueType="text">Physical measure</attribute>
      <attribute name="Physical_measures" namespace="Mlstr_area" valueType="text">Circulation_respiration</attribute>
      <attribute name="Target" namespace="Mlstr_area" valueType="text">Participant</attribute>
      <attribute name="label" valueType="text" locale="en">AMPLITUDE Rv6</attribute>
      <attribute name="CHECK" valueType="text">COUNTIF(I49:Y49,&quot;*&quot;)</attribute>
    </attributes>
  </variable>
  <variable name="V739" valueType="integer" entityType="Participant" unit="mm" mimeType="" referencedEntityType="" index="0">
    <attributes>
      <attribute name="Source" namespace="Mlstr_area" valueType="text">Physical measure</attribute>
      <attribute name="Physical_measures" namespace="Mlstr_area" valueType="text">Circulation_respiration</attribute>
      <attribute name="Target" namespace="Mlstr_area" valueType="text">Participant</attribute>
      <attribute name="label" valueType="text" locale="en">AMPLITUDE Sv1</attribute>
      <attribute name="CHECK" valueType="text">COUNTIF(I51:Y51,&quot;*&quot;)</attribute>
    </attributes>
  </variable>
  <variable name="V740" valueType="integer" entityType="Participant" unit="mm" mimeType="" referencedEntityType="" index="0">
    <attributes>
      <attribute name="Source" namespace="Mlstr_area" valueType="text">Physical measure</attribute>
      <attribute name="Physical_measures" namespace="Mlstr_area" valueType="text">Circulation_respiration</attribute>
      <attribute name="Target" namespace="Mlstr_area" valueType="text">Participant</attribute>
      <attribute name="label" valueType="text" locale="en">AMPLITUDE Sv2</attribute>
      <attribute name="CHECK" valueType="text">COUNTIF(I53:Y53,&quot;*&quot;)</attribute>
    </attributes>
  </variable>
  <variable name="V741" valueType="integer" entityType="Participant" unit="mm" mimeType="" referencedEntityType="" index="0">
    <attributes>
      <attribute name="Source" namespace="Mlstr_area" valueType="text">Physical measure</attribute>
      <attribute name="Physical_measures" namespace="Mlstr_area" valueType="text">Circulation_respiration</attribute>
      <attribute name="Target" namespace="Mlstr_area" valueType="text">Participant</attribute>
      <attribute name="label" valueType="text" locale="en">AMPLITUDE Sv3</attribute>
      <attribute name="CHECK" valueType="text">COUNTIF(I55:Y55,&quot;*&quot;)</attribute>
    </attributes>
  </variable>
  <variable name="V501" valueType="integer" entityType="Participant" unit="g/l" mimeType="" referencedEntityType="" index="0">
    <attributes>
      <attribute name="Source" namespace="Mlstr_area" valueType="text">Biosample</attribute>
      <attribute name="Laboratory_measures" namespace="Mlstr_areas" valueType="text">Biochemistry</attribute>
      <attribute name="Target" namespace="Mlstr_area" valueType="text">Participant</attribute>
      <attribute name="label" valueType="text" locale="en">APOA1</attribute>
      <attribute name="CHECK" valueType="text">COUNTIF(I62:Y62,&quot;*&quot;)</attribute>
    </attributes>
  </variable>
  <variable name="V502" valueType="integer" entityType="Participant" unit="g/l" mimeType="" referencedEntityType="" index="0">
    <attributes>
      <attribute name="Source" namespace="Mlstr_area" valueType="text">Biosample</attribute>
      <attribute name="Laboratory_measures" namespace="Mlstr_areas" valueType="text">Biochemistry</attribute>
      <attribute name="Target" namespace="Mlstr_area" valueType="text">Participant</attribute>
      <attribute name="label" valueType="text" locale="en">APOB</attribute>
      <attribute name="CHECK" valueType="text">COUNTIF(I65:Y65,&quot;*&quot;)</attribute>
    </attributes>
  </variable>
  <variable name="V731" valueType="integer" entityType="Participant" unit="" mimeType="" referencedEntityType="" index="0">
    <attributes>
      <attribute name="Source" namespace="Mlstr_area" valueType="text">Physical measure</attribute>
      <attribute name="Physical_measures" namespace="Mlstr_area" valueType="text">Circulation_respiration</attribute>
      <attribute name="Target" namespace="Mlstr_area" valueType="text">Participant</attribute>
      <attribute name="label" valueType="text" locale="en">ARRHYTHMIAS (8.X)</attribute>
      <attribute name="CHECK" valueType="text">COUNTIF(I69:Y69,&quot;*&quot;)</attribute>
    </attributes>
    <categories>
      <category name="0">
        <attributes>
          <attribute name="label" valueType="text" locale="en">No</attribute>
        </attributes>
      </category>
      <category name="1">
        <attributes>
          <attribute name="label" valueType="text" locale="en">Yes</attribute>
        </attributes>
      </category>
    </categories>
  </variable>
  <variable name="V733" valueType="integer" entityType="Participant" unit="" mimeType="" referencedEntityType="" index="0">
    <attributes>
      <attribute name="Source" namespace="Mlstr_area" valueType="text">Questionnaire</attribute>
      <attribute name="Target" namespace="Mlstr_area" valueType="text">Participant</attribute>
      <attribute name="Health_status_functional_limitations" namespace="Mlstr_area" valueType="text">Use _devices</attribute>
      <attribute name="label" valueType="text" locale="en">ARTIFICIAL PACEMAKER (6.8)</attribute>
      <attribute name="CHECK" valueType="text">COUNTIF(I73:Y73,&quot;*&quot;)</attribute>
    </attributes>
    <categories>
      <category name="0">
        <attributes>
          <attribute name="label" valueType="text" locale="en">No</attribute>
        </attributes>
      </category>
      <category name="1">
        <attributes>
          <attribute name="label" valueType="text" locale="en">Yes</attribute>
        </attributes>
      </category>
    </categories>
  </variable>
  <variable name="V730" valueType="integer" entityType="Participant" unit="" mimeType="" referencedEntityType="" index="0">
    <attributes>
      <attribute name="Source" namespace="Mlstr_area" valueType="text">Physical measure</attribute>
      <attribute name="Physical_measures" namespace="Mlstr_area" valueType="text">Circulation_respiration</attribute>
      <attribute name="Target" namespace="Mlstr_area" valueType="text">Participant</attribute>
      <attribute name="label" valueType="text" locale="en">ATRIAL FIBRILLATION/FLUTTER (8.3)</attribute>
      <attribute name="CHECK" valueType="text">COUNTIF(I99:Y99,&quot;*&quot;)</attribute>
    </attributes>
    <categories>
      <category name="0">
        <attributes>
          <attribute name="label" valueType="text" locale="en">No</attribute>
        </attributes>
      </category>
      <category name="1">
        <attributes>
          <attribute name="label" valueType="text" locale="en">Yes</attribute>
        </attributes>
      </category>
    </categories>
  </variable>
  <variable name="V727" valueType="integer" entityType="Participant" unit="" mimeType="" referencedEntityType="" index="0">
    <attributes>
      <attribute name="Source" namespace="Mlstr_area" valueType="text">Physical measure</attribute>
      <attribute name="Physical_measures" namespace="Mlstr_area" valueType="text">Circulation_respiration</attribute>
      <attribute name="Target" namespace="Mlstr_area" valueType="text">Participant</attribute>
      <attribute name="label" valueType="text" locale="en">AV CONDUCTION DEFECTS (6.X)</attribute>
      <attribute name="CHECK" valueType="text">COUNTIF(I105:Y105,&quot;*&quot;)</attribute>
    </attributes>
    <categories>
      <category name="0">
        <attributes>
          <attribute name="label" valueType="text" locale="en">No</attribute>
        </attributes>
      </category>
      <category name="1">
        <attributes>
          <attribute name="label" valueType="text" locale="en">Yes</attribute>
        </attributes>
      </category>
    </categories>
  </variable>
  <variable name="V290" valueType="integer" entityType="Participant" unit="kg/m2" mimeType="" referencedEntityType="" index="0">
    <attributes>
      <attribute name="Source" namespace="Mlstr_area" valueType="text">Physical measure</attribute>
      <attribute name="Physical_measures" namespace="Mlstr_area" valueType="text">Anthropo_measures</attribute>
      <attribute name="Target" namespace="Mlstr_area" valueType="text">Participant</attribute>
      <attribute name="label" valueType="text" locale="en">BMI</attribute>
      <attribute name="CHECK" valueType="text">COUNTIF(I116:Y116,&quot;*&quot;)</attribute>
    </attributes>
  </variable>
  <variable name="V408" valueType="integer" entityType="Participant" unit="" mimeType="" referencedEntityType="" index="0">
    <attributes>
      <attribute name="Source" namespace="Mlstr_area" valueType="text">Questionnaire</attribute>
      <attribute name="Target" namespace="Mlstr_area" valueType="text">Participant</attribute>
      <attribute name="Medication_supplements" namespace="Mlstr_area" valueType="text">Medication_suppl</attribute>
      <attribute name="label" valueType="text" locale="en">BP ACE INHIBITOR</attribute>
      <attribute name="CHECK" valueType="text">COUNTIF(I118:Y118,&quot;*&quot;)</attribute>
      <attribute name="Diseases" namespace="Mlstr_area" valueType="text">Circulatory_sys_dis</attribute>
    </attributes>
    <categories>
      <category name="0">
        <attributes>
          <attribute name="label" valueType="text" locale="en">No</attribute>
        </attributes>
      </category>
      <category name="1">
        <attributes>
          <attribute name="label" valueType="text" locale="en">Yes</attribute>
        </attributes>
      </category>
    </categories>
  </variable>
  <variable name="V409" valueType="integer" entityType="Participant" unit="" mimeType="" referencedEntityType="" index="0">
    <attributes>
      <attribute name="Source" namespace="Mlstr_area" valueType="text">Questionnaire</attribute>
      <attribute name="Target" namespace="Mlstr_area" valueType="text">Participant</attribute>
      <attribute name="Medication_supplements" namespace="Mlstr_area" valueType="text">Medication_suppl</attribute>
      <attribute name="label" valueType="text" locale="en">BP ALPHA BLOCKER</attribute>
      <attribute name="CHECK" valueType="text">COUNTIF(I121:Y121,&quot;*&quot;)</attribute>
      <attribute name="Diseases" namespace="Mlstr_area" valueType="text">Circulatory_sys_dis</attribute>
    </attributes>
    <categories>
      <category name="0">
        <attributes>
          <attribute name="label" valueType="text" locale="en">No</attribute>
        </attributes>
      </category>
      <category name="1">
        <attributes>
          <attribute name="label" valueType="text" locale="en">Yes</attribute>
        </attributes>
      </category>
    </categories>
  </variable>
  <variable name="V410" valueType="integer" entityType="Participant" unit="" mimeType="" referencedEntityType="" index="0">
    <attributes>
      <attribute name="Source" namespace="Mlstr_area" valueType="text">Questionnaire</attribute>
      <attribute name="Target" namespace="Mlstr_area" valueType="text">Participant</attribute>
      <attribute name="Medication_supplements" namespace="Mlstr_area" valueType="text">Medication_suppl</attribute>
      <attribute name="label" valueType="text" locale="en">BP BETA BLOCKER</attribute>
      <attribute name="CHECK" valueType="text">COUNTIF(I123:Y123,&quot;*&quot;)</attribute>
      <attribute name="Diseases" namespace="Mlstr_area" valueType="text">Circulatory_sys_dis</attribute>
    </attributes>
    <categories>
      <category name="0">
        <attributes>
          <attribute name="label" valueType="text" locale="en">No</attribute>
        </attributes>
      </category>
      <category name="1">
        <attributes>
          <attribute name="label" valueType="text" locale="en">Yes</attribute>
        </attributes>
      </category>
    </categories>
  </variable>
  <variable name="V411" valueType="integer" entityType="Participant" unit="" mimeType="" referencedEntityType="" index="0">
    <attributes>
      <attribute name="Source" namespace="Mlstr_area" valueType="text">Questionnaire</attribute>
      <attribute name="Target" namespace="Mlstr_area" valueType="text">Participant</attribute>
      <attribute name="Medication_supplements" namespace="Mlstr_area" valueType="text">Medication_suppl</attribute>
      <attribute name="label" valueType="text" locale="en">BP CA BLOCKER</attribute>
      <attribute name="CHECK" valueType="text">COUNTIF(I124:Y124,&quot;*&quot;)</attribute>
      <attribute name="Diseases" namespace="Mlstr_area" valueType="text">Circulatory_sys_dis</attribute>
    </attributes>
    <categories>
      <category name="0">
        <attributes>
          <attribute name="label" valueType="text" locale="en">No</attribute>
        </attributes>
      </category>
      <category name="1">
        <attributes>
          <attribute name="label" valueType="text" locale="en">Yes</attribute>
        </attributes>
      </category>
    </categories>
  </variable>
  <variable name="V412" valueType="integer" entityType="Participant" unit="" mimeType="" referencedEntityType="" index="0">
    <attributes>
      <attribute name="Source" namespace="Mlstr_area" valueType="text">Questionnaire</attribute>
      <attribute name="Target" namespace="Mlstr_area" valueType="text">Participant</attribute>
      <attribute name="Medication_supplements" namespace="Mlstr_area" valueType="text">Medication_suppl</attribute>
      <attribute name="label" valueType="text" locale="en">BP DIURETICS</attribute>
      <attribute name="CHECK" valueType="text">COUNTIF(I127:Y127,&quot;*&quot;)</attribute>
      <attribute name="Diseases" namespace="Mlstr_area" valueType="text">Circulatory_sys_dis</attribute>
    </attributes>
    <categories>
      <category name="0">
        <attributes>
          <attribute name="label" valueType="text" locale="en">No</attribute>
        </attributes>
      </category>
      <category name="1">
        <attributes>
          <attribute name="label" valueType="text" locale="en">Yes</attribute>
        </attributes>
      </category>
    </categories>
  </variable>
  <variable name="V101" valueType="integer" entityType="Participant" unit="" mimeType="" referencedEntityType="" index="0">
    <attributes>
      <attribute name="Source" namespace="Mlstr_area" valueType="text">Questionnaire</attribute>
      <attribute name="Target" namespace="Mlstr_area" valueType="text">Participant</attribute>
      <attribute name="Medication_supplements" namespace="Mlstr_area" valueType="text">Medication_suppl</attribute>
      <attribute name="label" valueType="text" locale="en">BP MEDICINE</attribute>
      <attribute name="CHECK" valueType="text">COUNTIF(I129:Y129,&quot;*&quot;)</attribute>
      <attribute name="Diseases" namespace="Mlstr_area" valueType="text">Circulatory_sys_dis</attribute>
    </attributes>
    <categories>
      <category name="0">
        <attributes>
          <attribute name="label" valueType="text" locale="en">No</attribute>
        </attributes>
      </category>
      <category name="1">
        <attributes>
          <attribute name="label" valueType="text" locale="en">Yes</attribute>
        </attributes>
      </category>
    </categories>
  </variable>
  <variable name="V601" valueType="integer" entityType="Participant" unit="pmol/l" mimeType="" referencedEntityType="" index="0">
    <attributes>
      <attribute name="Source" namespace="Mlstr_area" valueType="text">Biosample</attribute>
      <attribute name="Laboratory_measures" namespace="Mlstr_areas" valueType="text">Biochemistry</attribute>
      <attribute name="Target" namespace="Mlstr_area" valueType="text">Participant</attribute>
      <attribute name="label" valueType="text" locale="en">CAMBRIDGE PROINSULIN</attribute>
      <attribute name="CHECK" valueType="text">COUNTIF(I137:Y137,&quot;*&quot;)</attribute>
    </attributes>
  </variable>
  <variable name="V602" valueType="integer" entityType="Participant" unit="pmol/l" mimeType="" referencedEntityType="" index="0">
    <attributes>
      <attribute name="Source" namespace="Mlstr_area" valueType="text">Biosample</attribute>
      <attribute name="Laboratory_measures" namespace="Mlstr_areas" valueType="text">Biochemistry</attribute>
      <attribute name="Target" namespace="Mlstr_area" valueType="text">Participant</attribute>
      <attribute name="label" valueType="text" locale="en">CAMBRIDGE SPLITPRO</attribute>
      <attribute name="CHECK" valueType="text">COUNTIF(I140:Y140,&quot;*&quot;)</attribute>
    </attributes>
  </variable>
  <variable name="V413" valueType="integer" entityType="Participant" unit="" mimeType="" referencedEntityType="" index="0">
    <attributes>
      <attribute name="Source" namespace="Mlstr_area" valueType="text">Questionnaire</attribute>
      <attribute name="Target" namespace="Mlstr_area" valueType="text">Participant</attribute>
      <attribute name="Medication_supplements" namespace="Mlstr_area" valueType="text">Medication_suppl</attribute>
      <attribute name="label" valueType="text" locale="en">CORTISOL MEDICINE</attribute>
      <attribute name="CHECK" valueType="text">COUNTIF(I177:Y177,&quot;*&quot;)</attribute>
      <attribute name="Diseases" namespace="Mlstr_area" valueType="text">Circulatory_sys_dis</attribute>
    </attributes>
    <categories>
      <category name="0">
        <attributes>
          <attribute name="label" valueType="text" locale="en">No</attribute>
        </attributes>
      </category>
      <category name="1">
        <attributes>
          <attribute name="label" valueType="text" locale="en">Yes</attribute>
        </attributes>
      </category>
    </categories>
  </variable>
  <variable name="V802" valueType="integer" entityType="Participant" unit="mg/L" mimeType="" referencedEntityType="" index="0">
    <attributes>
      <attribute name="Source" namespace="Mlstr_area" valueType="text">Biosample</attribute>
      <attribute name="Laboratory_measures" namespace="Mlstr_areas" valueType="text">Biochemistry</attribute>
      <attribute name="Target" namespace="Mlstr_area" valueType="text">Participant</attribute>
      <attribute name="label" valueType="text" locale="en">C-REACTIVE PROTEIN</attribute>
      <attribute name="CHECK" valueType="text">COUNTIF(I179:Y179,&quot;*&quot;)</attribute>
    </attributes>
  </variable>
  <variable name="V800" valueType="integer" entityType="Participant" unit="mg/L" mimeType="" referencedEntityType="" index="0">
    <attributes>
      <attribute name="Source" namespace="Mlstr_area" valueType="text">Biosample</attribute>
      <attribute name="Laboratory_measures" namespace="Mlstr_areas" valueType="text">Biochemistry</attribute>
      <attribute name="Target" namespace="Mlstr_area" valueType="text">Participant</attribute>
      <attribute name="label" valueType="text" locale="en">CYSTATIN C</attribute>
      <attribute name="CHECK" valueType="text">COUNTIF(I181:Y181,&quot;*&quot;)</attribute>
    </attributes>
  </variable>
  <variable name="V626" valueType="integer" entityType="Participant" unit="mmHg" mimeType="" referencedEntityType="" index="0">
    <attributes>
      <attribute name="Source" namespace="Mlstr_area" valueType="text">Physical measure</attribute>
      <attribute name="Physical_measures" namespace="Mlstr_area" valueType="text">Circulation_respiration</attribute>
      <attribute name="Target" namespace="Mlstr_area" valueType="text">Participant</attribute>
      <attribute name="label" valueType="text" locale="en">DAY DIASTOLIC BP 06-23</attribute>
      <attribute name="CHECK" valueType="text">COUNTIF(I185:Y185,&quot;*&quot;)</attribute>
    </attributes>
  </variable>
  <variable name="V629" valueType="integer" entityType="Participant" unit="mmHg" mimeType="" referencedEntityType="" index="0">
    <attributes>
      <attribute name="Source" namespace="Mlstr_area" valueType="text">Physical measure</attribute>
      <attribute name="Physical_measures" namespace="Mlstr_area" valueType="text">Circulation_respiration</attribute>
      <attribute name="Target" namespace="Mlstr_area" valueType="text">Participant</attribute>
      <attribute name="label" valueType="text" locale="en">DAY MEAN ARTERIAL BP 06-23</attribute>
      <attribute name="CHECK" valueType="text">COUNTIF(I187:Y187,&quot;*&quot;)</attribute>
    </attributes>
  </variable>
  <variable name="V632" valueType="integer" entityType="Participant" unit="beats/min" mimeType="" referencedEntityType="" index="0">
    <attributes>
      <attribute name="Source" namespace="Mlstr_area" valueType="text">Physical measure</attribute>
      <attribute name="Physical_measures" namespace="Mlstr_area" valueType="text">Circulation_respiration</attribute>
      <attribute name="Target" namespace="Mlstr_area" valueType="text">Participant</attribute>
      <attribute name="label" valueType="text" locale="en">DAY PULSE RATE 06-23</attribute>
      <attribute name="CHECK" valueType="text">COUNTIF(I189:Y189,&quot;*&quot;)</attribute>
    </attributes>
  </variable>
  <variable name="V623" valueType="integer" entityType="Participant" unit="mmHg" mimeType="" referencedEntityType="" index="0">
    <attributes>
      <attribute name="Source" namespace="Mlstr_area" valueType="text">Physical measure</attribute>
      <attribute name="Physical_measures" namespace="Mlstr_area" valueType="text">Circulation_respiration</attribute>
      <attribute name="Target" namespace="Mlstr_area" valueType="text">Participant</attribute>
      <attribute name="label" valueType="text" locale="en">DAY SYSTOLIC BP 06-23</attribute>
      <attribute name="CHECK" valueType="text">COUNTIF(I191:Y191,&quot;*&quot;)</attribute>
    </attributes>
  </variable>
  <variable name="V638" valueType="integer" entityType="Participant" unit="mmHg" mimeType="" referencedEntityType="" index="0">
    <attributes>
      <attribute name="Source" namespace="Mlstr_area" valueType="text">Physical measure</attribute>
      <attribute name="Physical_measures" namespace="Mlstr_area" valueType="text">Circulation_respiration</attribute>
      <attribute name="Target" namespace="Mlstr_area" valueType="text">Participant</attribute>
      <attribute name="label" valueType="text" locale="en">DBP STANDING 0 MIN</attribute>
      <attribute name="CHECK" valueType="text">COUNTIF(I196:Y196,&quot;*&quot;)</attribute>
    </attributes>
  </variable>
  <variable name="V639" valueType="integer" entityType="Participant" unit="mmHg" mimeType="" referencedEntityType="" index="0">
    <attributes>
      <attribute name="Source" namespace="Mlstr_area" valueType="text">Physical measure</attribute>
      <attribute name="Physical_measures" namespace="Mlstr_area" valueType="text">Circulation_respiration</attribute>
      <attribute name="Target" namespace="Mlstr_area" valueType="text">Participant</attribute>
      <attribute name="label" valueType="text" locale="en">DBP STANDING 1 MIN</attribute>
      <attribute name="CHECK" valueType="text">COUNTIF(I197:Y197,&quot;*&quot;)</attribute>
    </attributes>
  </variable>
  <variable name="V640" valueType="integer" entityType="Participant" unit="mmHg" mimeType="" referencedEntityType="" index="0">
    <attributes>
      <attribute name="Source" namespace="Mlstr_area" valueType="text">Physical measure</attribute>
      <attribute name="Physical_measures" namespace="Mlstr_area" valueType="text">Circulation_respiration</attribute>
      <attribute name="Target" namespace="Mlstr_area" valueType="text">Participant</attribute>
      <attribute name="label" valueType="text" locale="en">DBP STANDING 3 MIN</attribute>
      <attribute name="CHECK" valueType="text">COUNTIF(I198:Y198,&quot;*&quot;)</attribute>
    </attributes>
  </variable>
  <variable name="V641" valueType="integer" entityType="Participant" unit="mmHg" mimeType="" referencedEntityType="" index="0">
    <attributes>
      <attribute name="Source" namespace="Mlstr_area" valueType="text">Physical measure</attribute>
      <attribute name="Physical_measures" namespace="Mlstr_area" valueType="text">Circulation_respiration</attribute>
      <attribute name="Target" namespace="Mlstr_area" valueType="text">Participant</attribute>
      <attribute name="label" valueType="text" locale="en">DBP STANDING 5 MIN</attribute>
      <attribute name="CHECK" valueType="text">COUNTIF(I199:Y199,&quot;*&quot;)</attribute>
    </attributes>
  </variable>
  <variable name="V014" valueType="integer" entityType="Participant" unit="mmHg" mimeType="" referencedEntityType="" index="0">
    <attributes>
      <attribute name="Source" namespace="Mlstr_area" valueType="text">Physical measure</attribute>
      <attribute name="Physical_measures" namespace="Mlstr_area" valueType="text">Circulation_respiration</attribute>
      <attribute name="Target" namespace="Mlstr_area" valueType="text">Participant</attribute>
      <attribute name="label" valueType="text" locale="en">DBP SUPINE</attribute>
      <attribute name="CHECK" valueType="text">COUNTIF(I204:Y204,&quot;*&quot;)</attribute>
    </attributes>
  </variable>
  <variable name="V405" valueType="integer" entityType="Participant" unit="" mimeType="" referencedEntityType="" index="0">
    <attributes>
      <attribute name="Source" namespace="Mlstr_area" valueType="text">Questionnaire</attribute>
      <attribute name="Target" namespace="Mlstr_area" valueType="text">Participant</attribute>
      <attribute name="Medication_supplements" namespace="Mlstr_area" valueType="text">Medication_suppl</attribute>
      <attribute name="label" valueType="text" locale="en">DIABETES MEDICINE</attribute>
      <attribute name="CHECK" valueType="text">COUNTIF(I213:Y213,&quot;*&quot;)</attribute>
      <attribute name="Diseases" namespace="Mlstr_area" valueType="text">Endocrine_metabolic_dis</attribute>
    </attributes>
    <categories>
      <category name="0">
        <attributes>
          <attribute name="label" valueType="text" locale="en">No</attribute>
        </attributes>
      </category>
      <category name="1">
        <attributes>
          <attribute name="label" valueType="text" locale="en">Yes</attribute>
        </attributes>
      </category>
    </categories>
  </variable>
  <variable name="V406" valueType="integer" entityType="Participant" unit="" mimeType="" referencedEntityType="" index="0">
    <attributes>
      <attribute name="Source" namespace="Mlstr_area" valueType="text">Questionnaire</attribute>
      <attribute name="Target" namespace="Mlstr_area" valueType="text">Participant</attribute>
      <attribute name="Medication_supplements" namespace="Mlstr_area" valueType="text">Medication_suppl</attribute>
      <attribute name="label" valueType="text" locale="en">DIABETES MEDICINE INSULIN</attribute>
      <attribute name="CHECK" valueType="text">COUNTIF(I214:Y214,&quot;*&quot;)</attribute>
      <attribute name="Diseases" namespace="Mlstr_area" valueType="text">Endocrine_metabolic_dis</attribute>
    </attributes>
    <categories>
      <category name="0">
        <attributes>
          <attribute name="label" valueType="text" locale="en">No</attribute>
        </attributes>
      </category>
      <category name="1">
        <attributes>
          <attribute name="label" valueType="text" locale="en">Yes</attribute>
        </attributes>
      </category>
    </categories>
  </variable>
  <variable name="V407" valueType="integer" entityType="Participant" unit="" mimeType="" referencedEntityType="" index="0">
    <attributes>
      <attribute name="Source" namespace="Mlstr_area" valueType="text">Questionnaire</attribute>
      <attribute name="Target" namespace="Mlstr_area" valueType="text">Participant</attribute>
      <attribute name="Medication_supplements" namespace="Mlstr_area" valueType="text">Medication_suppl</attribute>
      <attribute name="label" valueType="text" locale="en">DIABETES MEDICINE PERORAL</attribute>
      <attribute name="CHECK" valueType="text">COUNTIF(I215:Y215,&quot;*&quot;)</attribute>
      <attribute name="Diseases" namespace="Mlstr_area" valueType="text">Endocrine_metabolic_dis</attribute>
    </attributes>
    <categories>
      <category name="0">
        <attributes>
          <attribute name="label" valueType="text" locale="en">No</attribute>
        </attributes>
      </category>
      <category name="1">
        <attributes>
          <attribute name="label" valueType="text" locale="en">Yes</attribute>
        </attributes>
      </category>
    </categories>
  </variable>
  <variable name="V378" valueType="integer" entityType="Participant" unit="" mimeType="" referencedEntityType="" index="0">
    <attributes>
      <attribute name="Source" namespace="Mlstr_area" valueType="text">Biosample</attribute>
      <attribute name="Laboratory_measures" namespace="Mlstr_areas" valueType="text">Biochemistry</attribute>
      <attribute name="Target" namespace="Mlstr_area" valueType="text">Participant</attribute>
      <attribute name="label" valueType="text" locale="en">DIABETES PREVALENCE</attribute>
      <attribute name="CHECK" valueType="text">COUNTIF(I220:Y220,&quot;*&quot;)</attribute>
    </attributes>
    <categories>
      <category name="0">
        <attributes>
          <attribute name="label" valueType="text" locale="en">No</attribute>
        </attributes>
      </category>
      <category name="1">
        <attributes>
          <attribute name="label" valueType="text" locale="en">Yes</attribute>
        </attributes>
      </category>
    </categories>
  </variable>
  <variable name="V399" valueType="integer" entityType="Participant" unit="" mimeType="" referencedEntityType="" index="0">
    <attributes>
      <attribute name="Source" namespace="Mlstr_area" valueType="text">Physical measure</attribute>
      <attribute name="Physical_measures" namespace="Mlstr_area" valueType="text">Circulation_respiration</attribute>
      <attribute name="Target" namespace="Mlstr_area" valueType="text">Participant</attribute>
      <attribute name="label" valueType="text" locale="en">ECG STATUS</attribute>
      <attribute name="CHECK" valueType="text">COUNTIF(I411:Y411,&quot;*&quot;)</attribute>
    </attributes>
    <categories>
      <category name="0">
        <attributes>
          <attribute name="label" valueType="text" locale="en">Abnormal ECG</attribute>
        </attributes>
      </category>
      <category name="1">
        <attributes>
          <attribute name="label" valueType="text" locale="en">Normal ECG</attribute>
        </attributes>
      </category>
    </categories>
  </variable>
  <variable name="DAT77" valueType="date" entityType="Participant" unit="" mimeType="" referencedEntityType="" index="0">
    <attributes>
      <attribute name="Source" namespace="Mlstr_area" valueType="text">Questionnaire</attribute>
      <attribute name="Target" namespace="Mlstr_area" valueType="text">Participant</attribute>
      <attribute name="Administrative_information" namespace="Mlstr_areas" valueType="text">Date_time_related_info</attribute>
      <attribute name="label" valueType="text" locale="en">EXAMINATION DATE</attribute>
      <attribute name="CHECK" valueType="text">COUNTIF(I421:Y421,&quot;*&quot;)</attribute>
    </attributes>
  </variable>
  <variable name="V647" valueType="integer" entityType="Participant" unit="pmol/mmol" mimeType="" referencedEntityType="" index="0">
    <attributes>
      <attribute name="Source" namespace="Mlstr_area" valueType="text">Biosample</attribute>
      <attribute name="Laboratory_measures" namespace="Mlstr_areas" valueType="text">Biochemistry</attribute>
      <attribute name="Target" namespace="Mlstr_area" valueType="text">Participant</attribute>
      <attribute name="label" valueType="text" locale="en">F2-ISOPROSTANE</attribute>
      <attribute name="CHECK" valueType="text">COUNTIF(I423:Y423,&quot;*&quot;)</attribute>
    </attributes>
  </variable>
  <variable name="V298" valueType="integer" entityType="Participant" unit="%" mimeType="" referencedEntityType="" index="0">
    <attributes>
      <attribute name="Source" namespace="Mlstr_area" valueType="text">Biosample</attribute>
      <attribute name="Laboratory_measures" namespace="Mlstr_areas" valueType="text">Biochemistry</attribute>
      <attribute name="Target" namespace="Mlstr_area" valueType="text">Participant</attribute>
      <attribute name="label" valueType="text" locale="en">HBA1C</attribute>
      <attribute name="CHECK" valueType="text">COUNTIF(I498:Y498,&quot;*&quot;)</attribute>
    </attributes>
  </variable>
  <variable name="V302" valueType="integer" entityType="Participant" unit="mmol/l" mimeType="" referencedEntityType="" index="0">
    <attributes>
      <attribute name="Source" namespace="Mlstr_area" valueType="text">Biosample</attribute>
      <attribute name="Laboratory_measures" namespace="Mlstr_areas" valueType="text">Biochemistry</attribute>
      <attribute name="Target" namespace="Mlstr_area" valueType="text">Participant</attribute>
      <attribute name="label" valueType="text" locale="en">HDL CHOL</attribute>
      <attribute name="CHECK" valueType="text">COUNTIF(I503:Y503,&quot;*&quot;)</attribute>
    </attributes>
  </variable>
  <variable name="V301" valueType="integer" entityType="Participant" unit="mmol/l" mimeType="" referencedEntityType="" index="0">
    <attributes>
      <attribute name="Source" namespace="Mlstr_area" valueType="text">Biosample</attribute>
      <attribute name="Laboratory_measures" namespace="Mlstr_areas" valueType="text">Biochemistry</attribute>
      <attribute name="Target" namespace="Mlstr_area" valueType="text">Participant</attribute>
      <attribute name="label" valueType="text" locale="en">HDL TG</attribute>
      <attribute name="CHECK" valueType="text">COUNTIF(I507:Y507,&quot;*&quot;)</attribute>
    </attributes>
  </variable>
  <variable name="V010" valueType="integer" entityType="Participant" unit="cm" mimeType="" referencedEntityType="" index="0">
    <attributes>
      <attribute name="Source" namespace="Mlstr_area" valueType="text">Physical measure</attribute>
      <attribute name="Physical_measures" namespace="Mlstr_area" valueType="text">Anthropo_measures</attribute>
      <attribute name="Target" namespace="Mlstr_area" valueType="text">Participant</attribute>
      <attribute name="label" valueType="text" locale="en">HEIGHT</attribute>
      <attribute name="CHECK" valueType="text">COUNTIF(I513:Y513,&quot;*&quot;)</attribute>
    </attributes>
  </variable>
  <variable name="V724" valueType="integer" entityType="Participant" unit="" mimeType="" referencedEntityType="" index="0">
    <attributes>
      <attribute name="Source" namespace="Mlstr_area" valueType="text">Physical measure</attribute>
      <attribute name="Physical_measures" namespace="Mlstr_area" valueType="text">Circulation_respiration</attribute>
      <attribute name="Target" namespace="Mlstr_area" valueType="text">Participant</attribute>
      <attribute name="label" valueType="text" locale="en">HIGH AMPLITUDE R-WAVES (3.1/3.3)</attribute>
      <attribute name="CHECK" valueType="text">COUNTIF(I518:Y518,&quot;*&quot;)</attribute>
    </attributes>
    <categories>
      <category name="0">
        <attributes>
          <attribute name="label" valueType="text" locale="en">No</attribute>
        </attributes>
      </category>
      <category name="1">
        <attributes>
          <attribute name="label" valueType="text" locale="en">Yes</attribute>
        </attributes>
      </category>
    </categories>
  </variable>
  <variable name="V973" valueType="integer" entityType="Participant" unit="cm" mimeType="" referencedEntityType="" index="0">
    <attributes>
      <attribute name="Source" namespace="Mlstr_area" valueType="text">Physical measure</attribute>
      <attribute name="Physical_measures" namespace="Mlstr_area" valueType="text">Anthropo_measures</attribute>
      <attribute name="Target" namespace="Mlstr_area" valueType="text">Participant</attribute>
      <attribute name="label" valueType="text" locale="en">HIP CIRCUMF.</attribute>
      <attribute name="CHECK" valueType="text">COUNTIF(I521:Y521,&quot;*&quot;)</attribute>
    </attributes>
  </variable>
  <variable name="V103" valueType="integer" entityType="Participant" unit="" mimeType="" referencedEntityType="" index="0">
    <attributes>
      <attribute name="Source" namespace="Mlstr_area" valueType="text">Biosample</attribute>
      <attribute name="Laboratory_measures" namespace="Mlstr_areas" valueType="text">Biochemistry</attribute>
      <attribute name="Target" namespace="Mlstr_area" valueType="text">Participant</attribute>
      <attribute name="label" valueType="text" locale="en">HYPERLIPIDAEMIA PREVALENCE</attribute>
      <attribute name="CHECK" valueType="text">COUNTIF(I531:Y531,&quot;*&quot;)</attribute>
    </attributes>
    <categories>
      <category name="0">
        <attributes>
          <attribute name="label" valueType="text" locale="en">No</attribute>
        </attributes>
      </category>
      <category name="1">
        <attributes>
          <attribute name="label" valueType="text" locale="en">Yes</attribute>
        </attributes>
      </category>
    </categories>
  </variable>
  <variable name="V102" valueType="integer" entityType="Participant" unit="" mimeType="" referencedEntityType="" index="0">
    <attributes>
      <attribute name="Source" namespace="Mlstr_area" valueType="text">Physical measure</attribute>
      <attribute name="Physical_measures" namespace="Mlstr_area" valueType="text">Circulation_respiration</attribute>
      <attribute name="Target" namespace="Mlstr_area" valueType="text">Participant</attribute>
      <attribute name="label" valueType="text" locale="en">HYPERTENSION PREVALENCE</attribute>
      <attribute name="CHECK" valueType="text">COUNTIF(I536:Y536,&quot;*&quot;)</attribute>
    </attributes>
    <categories>
      <category name="0">
        <attributes>
          <attribute name="label" valueType="text" locale="en">No</attribute>
        </attributes>
      </category>
      <category name="1">
        <attributes>
          <attribute name="label" valueType="text" locale="en">Yes</attribute>
        </attributes>
      </category>
    </categories>
  </variable>
  <variable name="V801" valueType="integer" entityType="Participant" unit="mg/L" mimeType="" referencedEntityType="" index="0">
    <attributes>
      <attribute name="Source" namespace="Mlstr_area" valueType="text">Biosample</attribute>
      <attribute name="Laboratory_measures" namespace="Mlstr_areas" valueType="text">Biochemistry</attribute>
      <attribute name="Target" namespace="Mlstr_area" valueType="text">Participant</attribute>
      <attribute name="label" valueType="text" locale="en">INTERLEUKIN-6</attribute>
      <attribute name="CHECK" valueType="text">COUNTIF(I551:Y551,&quot;*&quot;)</attribute>
    </attributes>
  </variable>
  <variable name="V324" valueType="integer" entityType="Participant" unit="mmol/l" mimeType="" referencedEntityType="" index="0">
    <attributes>
      <attribute name="Source" namespace="Mlstr_area" valueType="text">Biosample</attribute>
      <attribute name="Laboratory_measures" namespace="Mlstr_areas" valueType="text">Biochemistry</attribute>
      <attribute name="Target" namespace="Mlstr_area" valueType="text">Participant</attribute>
      <attribute name="label" valueType="text" locale="en">LDL CHOL</attribute>
      <attribute name="CHECK" valueType="text">COUNTIF(I586:Y586,&quot;*&quot;)</attribute>
    </attributes>
  </variable>
  <variable name="V728" valueType="integer" entityType="Participant" unit="" mimeType="" referencedEntityType="" index="0">
    <attributes>
      <attribute name="Source" namespace="Mlstr_area" valueType="text">Physical measure</attribute>
      <attribute name="Physical_measures" namespace="Mlstr_area" valueType="text">Circulation_respiration</attribute>
      <attribute name="Target" namespace="Mlstr_area" valueType="text">Participant</attribute>
      <attribute name="label" valueType="text" locale="en">LEFT BUNDLE BRANCH BLOCK (7.1)</attribute>
      <attribute name="CHECK" valueType="text">COUNTIF(I591:Y591,&quot;*&quot;)</attribute>
    </attributes>
    <categories>
      <category name="0">
        <attributes>
          <attribute name="label" valueType="text" locale="en">No</attribute>
        </attributes>
      </category>
      <category name="1">
        <attributes>
          <attribute name="label" valueType="text" locale="en">Yes</attribute>
        </attributes>
      </category>
    </categories>
  </variable>
  <variable name="V106" valueType="integer" entityType="Participant" unit="" mimeType="" referencedEntityType="" index="0">
    <attributes>
      <attribute name="Lifestyle_behaviours" namespace="Mlstr_area" valueType="text">Phys_act</attribute>
      <attribute name="Source" namespace="Mlstr_area" valueType="text">Questionnaire</attribute>
      <attribute name="Target" namespace="Mlstr_area" valueType="text">Participant</attribute>
      <attribute name="label" valueType="text" locale="en">LEISURE TIME PHYSICAL ACTIVITY</attribute>
      <attribute name="CHECK" valueType="text">COUNTIF(I596:Y596,&quot;*&quot;)</attribute>
    </attributes>
    <categories>
      <category name="1">
        <attributes>
          <attribute name="label" valueType="text" locale="en">Sedentary</attribute>
        </attributes>
      </category>
      <category name="2">
        <attributes>
          <attribute name="label" valueType="text" locale="en">Moderate</attribute>
        </attributes>
      </category>
      <category name="3">
        <attributes>
          <attribute name="label" valueType="text" locale="en">Regular</attribute>
        </attributes>
      </category>
      <category name="4">
        <attributes>
          <attribute name="label" valueType="text" locale="en">Athletic</attribute>
        </attributes>
      </category>
    </categories>
  </variable>
  <variable name="V105" valueType="integer" entityType="Participant" unit="" mimeType="" referencedEntityType="" index="0">
    <attributes>
      <attribute name="Source" namespace="Mlstr_area" valueType="text">Questionnaire</attribute>
      <attribute name="Target" namespace="Mlstr_area" valueType="text">Participant</attribute>
      <attribute name="Medication_supplements" namespace="Mlstr_area" valueType="text">Medication_suppl</attribute>
      <attribute name="label" valueType="text" locale="en">LIPID MEDICINE</attribute>
      <attribute name="CHECK" valueType="text">COUNTIF(I600:Y600,&quot;*&quot;)</attribute>
      <attribute name="Diseases" namespace="Mlstr_area" valueType="text">Endocrine_metabolic_dis</attribute>
    </attributes>
    <categories>
      <category name="0">
        <attributes>
          <attribute name="label" valueType="text" locale="en">No</attribute>
        </attributes>
      </category>
      <category name="1">
        <attributes>
          <attribute name="label" valueType="text" locale="en">Yes</attribute>
        </attributes>
      </category>
    </categories>
  </variable>
  <variable name="V553" valueType="integer" entityType="Participant" unit="" mimeType="" referencedEntityType="" index="0">
    <attributes>
      <attribute name="Source" namespace="Mlstr_area" valueType="text">Questionnaire</attribute>
      <attribute name="Target" namespace="Mlstr_area" valueType="text">Participant</attribute>
      <attribute name="Cognitive_psychological_measures" namespace="Mlstr_area" valueType="text">Cognitive_functioning</attribute>
      <attribute name="label" valueType="text" locale="en">MINI MENTAL STATE</attribute>
      <attribute name="CHECK" valueType="text">COUNTIF(I613:Y613,&quot;*&quot;)</attribute>
    </attributes>
  </variable>
  <variable name="V627" valueType="integer" entityType="Participant" unit="mmHg" mimeType="" referencedEntityType="" index="0">
    <attributes>
      <attribute name="Source" namespace="Mlstr_area" valueType="text">Physical measure</attribute>
      <attribute name="End_of_life" namespace="Mlstr_area" valueType="text">Circulation_respiration</attribute>
      <attribute name="Target" namespace="Mlstr_area" valueType="text">Participant</attribute>
      <attribute name="label" valueType="text" locale="en">NIGHT DIASTOLIC BP 23-06</attribute>
      <attribute name="CHECK" valueType="text">COUNTIF(I625:Y625,&quot;*&quot;)</attribute>
    </attributes>
  </variable>
  <variable name="V630" valueType="integer" entityType="Participant" unit="mmHg" mimeType="" referencedEntityType="" index="0">
    <attributes>
      <attribute name="Source" namespace="Mlstr_area" valueType="text">Physical measure</attribute>
      <attribute name="End_of_life" namespace="Mlstr_area" valueType="text">Circulation_respiration</attribute>
      <attribute name="Target" namespace="Mlstr_area" valueType="text">Participant</attribute>
      <attribute name="label" valueType="text" locale="en">NIGHT MEAN ARTERIAL BP 23-06</attribute>
      <attribute name="CHECK" valueType="text">COUNTIF(I627:Y627,&quot;*&quot;)</attribute>
    </attributes>
  </variable>
  <variable name="V633" valueType="integer" entityType="Participant" unit="beats/min" mimeType="" referencedEntityType="" index="0">
    <attributes>
      <attribute name="Source" namespace="Mlstr_area" valueType="text">Physical measure</attribute>
      <attribute name="End_of_life" namespace="Mlstr_area" valueType="text">Circulation_respiration</attribute>
      <attribute name="Target" namespace="Mlstr_area" valueType="text">Participant</attribute>
      <attribute name="label" valueType="text" locale="en">Night Pulse Rate 23-06</attribute>
      <attribute name="CHECK" valueType="text">COUNTIF(I629:Y629,&quot;*&quot;)</attribute>
    </attributes>
  </variable>
  <variable name="V624" valueType="integer" entityType="Participant" unit="mmHg" mimeType="" referencedEntityType="" index="0">
    <attributes>
      <attribute name="Source" namespace="Mlstr_area" valueType="text">Physical measure</attribute>
      <attribute name="End_of_life" namespace="Mlstr_area" valueType="text">Circulation_respiration</attribute>
      <attribute name="Target" namespace="Mlstr_area" valueType="text">Participant</attribute>
      <attribute name="label" valueType="text" locale="en">NIGHT SYSTOLIC BP 23-06</attribute>
      <attribute name="CHECK" valueType="text">COUNTIF(I631:Y631,&quot;*&quot;)</attribute>
    </attributes>
  </variable>
  <variable name="V648" valueType="integer" entityType="Participant" unit="pmol/mmol" mimeType="" referencedEntityType="" index="0">
    <attributes>
      <attribute name="Source" namespace="Mlstr_area" valueType="text">Biosample</attribute>
      <attribute name="Laboratory_measures" namespace="Mlstr_areas" valueType="text">Biochemistry</attribute>
      <attribute name="Target" namespace="Mlstr_area" valueType="text">Participant</attribute>
      <attribute name="label" valueType="text" locale="en">PGF2ALPHA</attribute>
      <attribute name="CHECK" valueType="text">COUNTIF(I657:Y657,&quot;*&quot;)</attribute>
    </attributes>
  </variable>
  <variable name="V319" valueType="integer" entityType="Participant" unit="mmol/l" mimeType="" referencedEntityType="" index="0">
    <attributes>
      <attribute name="Source" namespace="Mlstr_area" valueType="text">Biosample</attribute>
      <attribute name="Laboratory_measures" namespace="Mlstr_areas" valueType="text">Biochemistry</attribute>
      <attribute name="Target" namespace="Mlstr_area" valueType="text">Participant</attribute>
      <attribute name="label" valueType="text" locale="en">P-GLUC 0 MIN</attribute>
      <attribute name="CHECK" valueType="text">COUNTIF(I659:Y659,&quot;*&quot;)</attribute>
    </attributes>
  </variable>
  <variable name="V606" valueType="integer" entityType="Participant" unit="mU/l" mimeType="" referencedEntityType="" index="0">
    <attributes>
      <attribute name="Source" namespace="Mlstr_area" valueType="text">Biosample</attribute>
      <attribute name="Laboratory_measures" namespace="Mlstr_areas" valueType="text">Biochemistry</attribute>
      <attribute name="Target" namespace="Mlstr_area" valueType="text">Participant</attribute>
      <attribute name="label" valueType="text" locale="en">P-INS 0 MIN</attribute>
      <attribute name="CHECK" valueType="text">COUNTIF(I666:Y666,&quot;*&quot;)</attribute>
    </attributes>
  </variable>
  <variable name="V978" valueType="integer" entityType="Participant" unit="pM" mimeType="" referencedEntityType="" index="0">
    <attributes>
      <attribute name="Source" namespace="Mlstr_area" valueType="text">Biosample</attribute>
      <attribute name="Laboratory_measures" namespace="Mlstr_areas" valueType="text">Biochemistry</attribute>
      <attribute name="Target" namespace="Mlstr_area" valueType="text">Participant</attribute>
      <attribute name="label" valueType="text" locale="en">PLASMA LEVEL OF AMYLOID BETA 40</attribute>
      <attribute name="CHECK" valueType="text">COUNTIF(I669:Y669,&quot;*&quot;)</attribute>
    </attributes>
  </variable>
  <variable name="V979" valueType="integer" entityType="Participant" unit="pM" mimeType="" referencedEntityType="" index="0">
    <attributes>
      <attribute name="Source" namespace="Mlstr_area" valueType="text">Biosample</attribute>
      <attribute name="Laboratory_measures" namespace="Mlstr_areas" valueType="text">Biochemistry</attribute>
      <attribute name="Target" namespace="Mlstr_area" valueType="text">Participant</attribute>
      <attribute name="label" valueType="text" locale="en">PLASMA LEVEL OF AMYLOID BETA 42</attribute>
      <attribute name="CHECK" valueType="text">COUNTIF(I672:Y672,&quot;*&quot;)</attribute>
    </attributes>
  </variable>
  <variable name="V736" valueType="integer" entityType="Participant" unit="s" mimeType="" referencedEntityType="" index="0">
    <attributes>
      <attribute name="Source" namespace="Mlstr_area" valueType="text">Physical measure</attribute>
      <attribute name="Physical_measures" namespace="Mlstr_area" valueType="text">Circulation_respiration</attribute>
      <attribute name="Target" namespace="Mlstr_area" valueType="text">Participant</attribute>
      <attribute name="label" valueType="text" locale="en">PQ INTERVAL</attribute>
      <attribute name="CHECK" valueType="text">COUNTIF(I674:Y674,&quot;*&quot;)</attribute>
    </attributes>
  </variable>
  <variable name="V642" valueType="integer" entityType="Participant" unit="beats/min" mimeType="" referencedEntityType="" index="0">
    <attributes>
      <attribute name="Source" namespace="Mlstr_area" valueType="text">Physical measure</attribute>
      <attribute name="Physical_measures" namespace="Mlstr_area" valueType="text">Circulation_respiration</attribute>
      <attribute name="Target" namespace="Mlstr_area" valueType="text">Participant</attribute>
      <attribute name="label" valueType="text" locale="en">PULSE RATE 0 MIN</attribute>
      <attribute name="CHECK" valueType="text">COUNTIF(I683:Y683,&quot;*&quot;)</attribute>
    </attributes>
  </variable>
  <variable name="V643" valueType="integer" entityType="Participant" unit="beats/min" mimeType="" referencedEntityType="" index="0">
    <attributes>
      <attribute name="Source" namespace="Mlstr_area" valueType="text">Physical measure</attribute>
      <attribute name="Physical_measures" namespace="Mlstr_area" valueType="text">Circulation_respiration</attribute>
      <attribute name="Target" namespace="Mlstr_area" valueType="text">Participant</attribute>
      <attribute name="label" valueType="text" locale="en">PULSE RATE 1 MIN</attribute>
      <attribute name="CHECK" valueType="text">COUNTIF(I684:Y684,&quot;*&quot;)</attribute>
    </attributes>
  </variable>
  <variable name="V644" valueType="integer" entityType="Participant" unit="beats/min" mimeType="" referencedEntityType="" index="0">
    <attributes>
      <attribute name="Source" namespace="Mlstr_area" valueType="text">Physical measure</attribute>
      <attribute name="Physical_measures" namespace="Mlstr_area" valueType="text">Circulation_respiration</attribute>
      <attribute name="Target" namespace="Mlstr_area" valueType="text">Participant</attribute>
      <attribute name="label" valueType="text" locale="en">PULSE RATE 3 MIN</attribute>
      <attribute name="CHECK" valueType="text">COUNTIF(I685:Y685,&quot;*&quot;)</attribute>
    </attributes>
  </variable>
  <variable name="V645" valueType="integer" entityType="Participant" unit="beats/min" mimeType="" referencedEntityType="" index="0">
    <attributes>
      <attribute name="Source" namespace="Mlstr_area" valueType="text">Physical measure</attribute>
      <attribute name="Physical_measures" namespace="Mlstr_area" valueType="text">Circulation_respiration</attribute>
      <attribute name="Target" namespace="Mlstr_area" valueType="text">Participant</attribute>
      <attribute name="label" valueType="text" locale="en">PULSE RATE 5 MIN</attribute>
      <attribute name="CHECK" valueType="text">COUNTIF(I686:Y686,&quot;*&quot;)</attribute>
    </attributes>
  </variable>
  <variable name="V720" valueType="integer" entityType="Participant" unit="" mimeType="" referencedEntityType="" index="0">
    <attributes>
      <attribute name="Source" namespace="Mlstr_area" valueType="text">Physical measure</attribute>
      <attribute name="Physical_measures" namespace="Mlstr_area" valueType="text">Circulation_respiration</attribute>
      <attribute name="Target" namespace="Mlstr_area" valueType="text">Participant</attribute>
      <attribute name="label" valueType="text" locale="en">Q OR QS PATTERN (1.1)</attribute>
      <attribute name="CHECK" valueType="text">COUNTIF(I692:Y692,&quot;*&quot;)</attribute>
    </attributes>
    <categories>
      <category name="0">
        <attributes>
          <attribute name="label" valueType="text" locale="en">No</attribute>
        </attributes>
      </category>
      <category name="1">
        <attributes>
          <attribute name="label" valueType="text" locale="en">Yes</attribute>
        </attributes>
      </category>
    </categories>
  </variable>
  <variable name="V721X" valueType="integer" entityType="Participant" unit="" mimeType="" referencedEntityType="" index="0">
    <attributes>
      <attribute name="Source" namespace="Mlstr_area" valueType="text">Physical measure</attribute>
      <attribute name="Physical_measures" namespace="Mlstr_area" valueType="text">Circulation_respiration</attribute>
      <attribute name="Target" namespace="Mlstr_area" valueType="text">Participant</attribute>
      <attribute name="label" valueType="text" locale="en">Q OR QS PATTERN (1.2)</attribute>
      <attribute name="CHECK" valueType="text">COUNTIF(I695:Y695,&quot;*&quot;)</attribute>
    </attributes>
    <categories>
      <category name="0">
        <attributes>
          <attribute name="label" valueType="text" locale="en">No</attribute>
        </attributes>
      </category>
      <category name="1">
        <attributes>
          <attribute name="label" valueType="text" locale="en">Yes</attribute>
        </attributes>
      </category>
    </categories>
  </variable>
  <variable name="V721Y" valueType="integer" entityType="Participant" unit="" mimeType="" referencedEntityType="" index="0">
    <attributes>
      <attribute name="Source" namespace="Mlstr_area" valueType="text">Physical measure</attribute>
      <attribute name="Physical_measures" namespace="Mlstr_area" valueType="text">Circulation_respiration</attribute>
      <attribute name="Target" namespace="Mlstr_area" valueType="text">Participant</attribute>
      <attribute name="label" valueType="text" locale="en">Q OR QS PATTERN (1.3)</attribute>
      <attribute name="CHECK" valueType="text">COUNTIF(I700:Y700,&quot;*&quot;)</attribute>
    </attributes>
    <categories>
      <category name="0">
        <attributes>
          <attribute name="label" valueType="text" locale="en">No</attribute>
        </attributes>
      </category>
      <category name="1">
        <attributes>
          <attribute name="label" valueType="text" locale="en">Yes</attribute>
        </attributes>
      </category>
    </categories>
  </variable>
  <variable name="V745" valueType="integer" entityType="Participant" unit="degrees" mimeType="" referencedEntityType="" index="0">
    <attributes>
      <attribute name="Source" namespace="Mlstr_area" valueType="text">Physical measure</attribute>
      <attribute name="Physical_measures" namespace="Mlstr_area" valueType="text">Circulation_respiration</attribute>
      <attribute name="Target" namespace="Mlstr_area" valueType="text">Participant</attribute>
      <attribute name="label" valueType="text" locale="en">QRS AXIS</attribute>
      <attribute name="CHECK" valueType="text">COUNTIF(I702:Y702,&quot;*&quot;)</attribute>
    </attributes>
  </variable>
  <variable name="V737" valueType="integer" entityType="Participant" unit="s" mimeType="" referencedEntityType="" index="0">
    <attributes>
      <attribute name="Source" namespace="Mlstr_area" valueType="text">Physical measure</attribute>
      <attribute name="Physical_measures" namespace="Mlstr_area" valueType="text">Circulation_respiration</attribute>
      <attribute name="Target" namespace="Mlstr_area" valueType="text">Participant</attribute>
      <attribute name="label" valueType="text" locale="en">QRS INTERVAL</attribute>
      <attribute name="CHECK" valueType="text">COUNTIF(I705:Y705,&quot;*&quot;)</attribute>
    </attributes>
  </variable>
  <variable name="V738" valueType="integer" entityType="Participant" unit="s" mimeType="" referencedEntityType="" index="0">
    <attributes>
      <attribute name="Source" namespace="Mlstr_area" valueType="text">Physical measure</attribute>
      <attribute name="Physical_measures" namespace="Mlstr_area" valueType="text">Circulation_respiration</attribute>
      <attribute name="Target" namespace="Mlstr_area" valueType="text">Participant</attribute>
      <attribute name="label" valueType="text" locale="en">QT INTERVAL</attribute>
      <attribute name="CHECK" valueType="text">COUNTIF(I707:Y707,&quot;*&quot;)</attribute>
    </attributes>
  </variable>
  <variable name="V511" valueType="integer" entityType="Participant" unit="mg/mmol" mimeType="" referencedEntityType="" index="0">
    <attributes>
      <attribute name="Source" namespace="Mlstr_area" valueType="text">Biosample</attribute>
      <attribute name="Laboratory_measures" namespace="Mlstr_areas" valueType="text">Biochemistry</attribute>
      <attribute name="Target" namespace="Mlstr_area" valueType="text">Participant</attribute>
      <attribute name="label" valueType="text" locale="en">S-ALPHA TOCHO.LIPID CORR</attribute>
      <attribute name="CHECK" valueType="text">COUNTIF(I733:Y733,&quot;*&quot;)</attribute>
    </attributes>
  </variable>
  <variable name="V634" valueType="integer" entityType="Participant" unit="mmHg" mimeType="" referencedEntityType="" index="0">
    <attributes>
      <attribute name="Source" namespace="Mlstr_area" valueType="text">Physical measure</attribute>
      <attribute name="Physical_measures" namespace="Mlstr_area" valueType="text">Circulation_respiration</attribute>
      <attribute name="Target" namespace="Mlstr_area" valueType="text">Participant</attribute>
      <attribute name="label" valueType="text" locale="en">SBP STANDING 0 MIN</attribute>
      <attribute name="CHECK" valueType="text">COUNTIF(I741:Y741,&quot;*&quot;)</attribute>
    </attributes>
  </variable>
  <variable name="V635" valueType="integer" entityType="Participant" unit="mmHg" mimeType="" referencedEntityType="" index="0">
    <attributes>
      <attribute name="Source" namespace="Mlstr_area" valueType="text">Physical measure</attribute>
      <attribute name="Physical_measures" namespace="Mlstr_area" valueType="text">Circulation_respiration</attribute>
      <attribute name="Target" namespace="Mlstr_area" valueType="text">Participant</attribute>
      <attribute name="label" valueType="text" locale="en">SBP STANDING 1 MIN</attribute>
      <attribute name="CHECK" valueType="text">COUNTIF(I742:Y742,&quot;*&quot;)</attribute>
    </attributes>
  </variable>
  <variable name="V636" valueType="integer" entityType="Participant" unit="mmHg" mimeType="" referencedEntityType="" index="0">
    <attributes>
      <attribute name="Source" namespace="Mlstr_area" valueType="text">Physical measure</attribute>
      <attribute name="Physical_measures" namespace="Mlstr_area" valueType="text">Circulation_respiration</attribute>
      <attribute name="Target" namespace="Mlstr_area" valueType="text">Participant</attribute>
      <attribute name="label" valueType="text" locale="en">SBP STANDING 3 MIN</attribute>
      <attribute name="CHECK" valueType="text">COUNTIF(I743:Y743,&quot;*&quot;)</attribute>
    </attributes>
  </variable>
  <variable name="V637" valueType="integer" entityType="Participant" unit="mmHg" mimeType="" referencedEntityType="" index="0">
    <attributes>
      <attribute name="Source" namespace="Mlstr_area" valueType="text">Physical measure</attribute>
      <attribute name="Physical_measures" namespace="Mlstr_area" valueType="text">Circulation_respiration</attribute>
      <attribute name="Target" namespace="Mlstr_area" valueType="text">Participant</attribute>
      <attribute name="label" valueType="text" locale="en">SBP STANDING 5 MIN</attribute>
      <attribute name="CHECK" valueType="text">COUNTIF(I744:Y744,&quot;*&quot;)</attribute>
    </attributes>
  </variable>
  <variable name="V013" valueType="integer" entityType="Participant" unit="mmHg" mimeType="" referencedEntityType="" index="0">
    <attributes>
      <attribute name="Source" namespace="Mlstr_area" valueType="text">Physical measure</attribute>
      <attribute name="Physical_measures" namespace="Mlstr_area" valueType="text">Circulation_respiration</attribute>
      <attribute name="Target" namespace="Mlstr_area" valueType="text">Participant</attribute>
      <attribute name="label" valueType="text" locale="en">SBP SUPINE</attribute>
      <attribute name="CHECK" valueType="text">COUNTIF(I749:Y749,&quot;*&quot;)</attribute>
    </attributes>
  </variable>
  <variable name="V803" valueType="integer" entityType="Participant" unit="mg/L" mimeType="" referencedEntityType="" index="0">
    <attributes>
      <attribute name="Source" namespace="Mlstr_area" valueType="text">Biosample</attribute>
      <attribute name="Laboratory_measures" namespace="Mlstr_areas" valueType="text">Biochemistry</attribute>
      <attribute name="Target" namespace="Mlstr_area" valueType="text">Participant</attribute>
      <attribute name="label" valueType="text" locale="en">SERUM AMYLOID PROTEIN</attribute>
      <attribute name="CHECK" valueType="text">COUNTIF(I757:Y757,&quot;*&quot;)</attribute>
    </attributes>
  </variable>
  <variable name="V828" valueType="integer" entityType="Participant" unit="pg/mL" mimeType="" referencedEntityType="" index="0">
    <attributes>
      <attribute name="Source" namespace="Mlstr_area" valueType="text">Biosample</attribute>
      <attribute name="Laboratory_measures" namespace="Mlstr_areas" valueType="text">Biochemistry</attribute>
      <attribute name="Target" namespace="Mlstr_area" valueType="text">Participant</attribute>
      <attribute name="label" valueType="text" locale="en">Serum cathepsin B</attribute>
      <attribute name="CHECK" valueType="text">COUNTIF(I759:Y759,&quot;*&quot;)</attribute>
    </attributes>
  </variable>
  <variable name="V829" valueType="integer" entityType="Participant" unit="pg/mL" mimeType="" referencedEntityType="" index="0">
    <attributes>
      <attribute name="Source" namespace="Mlstr_area" valueType="text">Biosample</attribute>
      <attribute name="Laboratory_measures" namespace="Mlstr_areas" valueType="text">Biochemistry</attribute>
      <attribute name="Target" namespace="Mlstr_area" valueType="text">Participant</attribute>
      <attribute name="label" valueType="text" locale="en">Serum cathepsin L</attribute>
      <attribute name="CHECK" valueType="text">COUNTIF(I760:Y760,&quot;*&quot;)</attribute>
    </attributes>
  </variable>
  <variable name="V830" valueType="integer" entityType="Participant" unit="pg/mL" mimeType="" referencedEntityType="" index="0">
    <attributes>
      <attribute name="Source" namespace="Mlstr_area" valueType="text">Biosample</attribute>
      <attribute name="Laboratory_measures" namespace="Mlstr_areas" valueType="text">Biochemistry</attribute>
      <attribute name="Target" namespace="Mlstr_area" valueType="text">Participant</attribute>
      <attribute name="label" valueType="text" locale="en">Serum cathepsin S</attribute>
      <attribute name="CHECK" valueType="text">COUNTIF(I761:Y761,&quot;*&quot;)</attribute>
    </attributes>
  </variable>
  <variable name="V972" valueType="integer" entityType="Participant" unit="mmol/l" mimeType="" referencedEntityType="" index="0">
    <attributes>
      <attribute name="Source" namespace="Mlstr_area" valueType="text">Biosample</attribute>
      <attribute name="Laboratory_measures" namespace="Mlstr_areas" valueType="text">Biochemistry</attribute>
      <attribute name="Target" namespace="Mlstr_area" valueType="text">Participant</attribute>
      <attribute name="label" valueType="text" locale="en">SERUM CHOL</attribute>
      <attribute name="CHECK" valueType="text">COUNTIF(I766:Y766,&quot;*&quot;)</attribute>
    </attributes>
  </variable>
  <variable name="V826" valueType="integer" entityType="Participant" unit="pg/mL" mimeType="" referencedEntityType="" index="0">
    <attributes>
      <attribute name="Source" namespace="Mlstr_area" valueType="text">Biosample</attribute>
      <attribute name="Laboratory_measures" namespace="Mlstr_areas" valueType="text">Biochemistry</attribute>
      <attribute name="Target" namespace="Mlstr_area" valueType="text">Participant</attribute>
      <attribute name="label" valueType="text" locale="en">Serum endostatin</attribute>
      <attribute name="CHECK" valueType="text">COUNTIF(I767:Y767,&quot;*&quot;)</attribute>
    </attributes>
  </variable>
  <variable name="V827" valueType="integer" entityType="Participant" unit="pg/mL" mimeType="" referencedEntityType="" index="0">
    <attributes>
      <attribute name="Source" namespace="Mlstr_area" valueType="text">Biosample</attribute>
      <attribute name="Laboratory_measures" namespace="Mlstr_areas" valueType="text">Biochemistry</attribute>
      <attribute name="Target" namespace="Mlstr_area" valueType="text">Participant</attribute>
      <attribute name="label" valueType="text" locale="en">Serum fibroblast growth factor 23 (FGF-23)</attribute>
      <attribute name="CHECK" valueType="text">COUNTIF(I768:Y768,&quot;*&quot;)</attribute>
    </attributes>
  </variable>
  <variable name="V824" valueType="integer" entityType="Participant" unit="pg/mL" mimeType="" referencedEntityType="" index="0">
    <attributes>
      <attribute name="Source" namespace="Mlstr_area" valueType="text">Biosample</attribute>
      <attribute name="Laboratory_measures" namespace="Mlstr_areas" valueType="text">Biochemistry</attribute>
      <attribute name="Target" namespace="Mlstr_area" valueType="text">Participant</attribute>
      <attribute name="label" valueType="text" locale="en">Serum neutrophil gelatinase-associated lipocalin (NGAL)</attribute>
      <attribute name="CHECK" valueType="text">COUNTIF(I769:Y769,&quot;*&quot;)</attribute>
    </attributes>
  </variable>
  <variable name="V825" valueType="integer" entityType="Participant" unit="pg/mL" mimeType="" referencedEntityType="" index="0">
    <attributes>
      <attribute name="Source" namespace="Mlstr_area" valueType="text">Biosample</attribute>
      <attribute name="Laboratory_measures" namespace="Mlstr_areas" valueType="text">Biochemistry</attribute>
      <attribute name="Target" namespace="Mlstr_area" valueType="text">Participant</attribute>
      <attribute name="label" valueType="text" locale="en">Serum pentraxin 3 (PTX3)</attribute>
      <attribute name="CHECK" valueType="text">COUNTIF(I770:Y770,&quot;*&quot;)</attribute>
    </attributes>
  </variable>
  <variable name="V971" valueType="integer" entityType="Participant" unit="mmol/l" mimeType="" referencedEntityType="" index="0">
    <attributes>
      <attribute name="Source" namespace="Mlstr_area" valueType="text">Biosample</attribute>
      <attribute name="Laboratory_measures" namespace="Mlstr_areas" valueType="text">Biochemistry</attribute>
      <attribute name="Target" namespace="Mlstr_area" valueType="text">Participant</attribute>
      <attribute name="label" valueType="text" locale="en">SERUM TG</attribute>
      <attribute name="CHECK" valueType="text">COUNTIF(I775:Y775,&quot;*&quot;)</attribute>
    </attributes>
  </variable>
  <variable name="V513" valueType="integer" entityType="Participant" unit="mg/mmol" mimeType="" referencedEntityType="" index="0">
    <attributes>
      <attribute name="Source" namespace="Mlstr_area" valueType="text">Biosample</attribute>
      <attribute name="Laboratory_measures" namespace="Mlstr_areas" valueType="text">Biochemistry</attribute>
      <attribute name="Target" namespace="Mlstr_area" valueType="text">Participant</attribute>
      <attribute name="label" valueType="text" locale="en">S-GAMMA TOCHO.LIPID CORR</attribute>
      <attribute name="CHECK" valueType="text">COUNTIF(I777:Y777,&quot;*&quot;)</attribute>
    </attributes>
  </variable>
  <variable name="V735" valueType="integer" entityType="Participant" unit="" mimeType="" referencedEntityType="" index="0">
    <attributes>
      <attribute name="Source" namespace="Mlstr_area" valueType="text">Physical measure</attribute>
      <attribute name="Physical_measures" namespace="Mlstr_area" valueType="text">Circulation_respiration</attribute>
      <attribute name="Target" namespace="Mlstr_area" valueType="text">Participant</attribute>
      <attribute name="label" valueType="text" locale="en">SINUS BRADYCARDI under 50 per min</attribute>
      <attribute name="CHECK" valueType="text">COUNTIF(I781:Y781,&quot;*&quot;)</attribute>
    </attributes>
    <categories>
      <category name="0">
        <attributes>
          <attribute name="label" valueType="text" locale="en">No</attribute>
        </attributes>
      </category>
      <category name="1">
        <attributes>
          <attribute name="label" valueType="text" locale="en">Yes</attribute>
        </attributes>
      </category>
    </categories>
  </variable>
  <variable name="V734" valueType="integer" entityType="Participant" unit="" mimeType="" referencedEntityType="" index="0">
    <attributes>
      <attribute name="Source" namespace="Mlstr_area" valueType="text">Physical measure</attribute>
      <attribute name="Physical_measures" namespace="Mlstr_area" valueType="text">Circulation_respiration</attribute>
      <attribute name="Target" namespace="Mlstr_area" valueType="text">Participant</attribute>
      <attribute name="label" valueType="text" locale="en">SINUS TACHYCARDI over 100 per min</attribute>
      <attribute name="CHECK" valueType="text">COUNTIF(I784:Y784,&quot;*&quot;)</attribute>
    </attributes>
    <categories>
      <category name="0">
        <attributes>
          <attribute name="label" valueType="text" locale="en">No</attribute>
        </attributes>
      </category>
      <category name="1">
        <attributes>
          <attribute name="label" valueType="text" locale="en">Yes</attribute>
        </attributes>
      </category>
    </categories>
  </variable>
  <variable name="V725X" valueType="integer" entityType="Participant" unit="" mimeType="" referencedEntityType="" index="0">
    <attributes>
      <attribute name="Source" namespace="Mlstr_area" valueType="text">Physical measure</attribute>
      <attribute name="Physical_measures" namespace="Mlstr_area" valueType="text">Circulation_respiration</attribute>
      <attribute name="Target" namespace="Mlstr_area" valueType="text">Participant</attribute>
      <attribute name="label" valueType="text" locale="en">ST-SEGMENT DEPRESSION (4.1)</attribute>
      <attribute name="CHECK" valueType="text">COUNTIF(I800:Y800,&quot;*&quot;)</attribute>
    </attributes>
    <categories>
      <category name="0">
        <attributes>
          <attribute name="label" valueType="text" locale="en">No</attribute>
        </attributes>
      </category>
      <category name="1">
        <attributes>
          <attribute name="label" valueType="text" locale="en">Yes</attribute>
        </attributes>
      </category>
    </categories>
  </variable>
  <variable name="V725Y" valueType="integer" entityType="Participant" unit="" mimeType="" referencedEntityType="" index="0">
    <attributes>
      <attribute name="Source" namespace="Mlstr_area" valueType="text">Physical measure</attribute>
      <attribute name="Physical_measures" namespace="Mlstr_area" valueType="text">Circulation_respiration</attribute>
      <attribute name="Target" namespace="Mlstr_area" valueType="text">Participant</attribute>
      <attribute name="label" valueType="text" locale="en">ST-SEGMENT DEPRESSION (4.2)</attribute>
      <attribute name="CHECK" valueType="text">COUNTIF(I805:Y805,&quot;*&quot;)</attribute>
    </attributes>
    <categories>
      <category name="0">
        <attributes>
          <attribute name="label" valueType="text" locale="en">No</attribute>
        </attributes>
      </category>
      <category name="1">
        <attributes>
          <attribute name="label" valueType="text" locale="en">Yes</attribute>
        </attributes>
      </category>
    </categories>
  </variable>
  <variable name="V551" valueType="integer" entityType="Participant" unit="seconds" mimeType="" referencedEntityType="" index="0">
    <attributes>
      <attribute name="Source" namespace="Mlstr_area" valueType="text">Other</attribute>
      <attribute name="Target" namespace="Mlstr_area" valueType="text">Participant</attribute>
      <attribute name="Cognitive_psychological_measures" namespace="Mlstr_area" valueType="text">Cognitive_functioning</attribute>
      <attribute name="label" valueType="text" locale="en">TRAIL MAKING TEST A</attribute>
      <attribute name="CHECK" valueType="text">COUNTIF(I814:Y814,&quot;*&quot;)</attribute>
    </attributes>
  </variable>
  <variable name="V552" valueType="integer" entityType="Participant" unit="seconds" mimeType="" referencedEntityType="" index="0">
    <attributes>
      <attribute name="Source" namespace="Mlstr_area" valueType="text">Other</attribute>
      <attribute name="Target" namespace="Mlstr_area" valueType="text">Participant</attribute>
      <attribute name="Cognitive_psychological_measures" namespace="Mlstr_area" valueType="text">Cognitive_functioning</attribute>
      <attribute name="label" valueType="text" locale="en">TRAIL MAKING TEST B</attribute>
      <attribute name="CHECK" valueType="text">COUNTIF(I816:Y816,&quot;*&quot;)</attribute>
    </attributes>
  </variable>
  <variable name="V726X" valueType="integer" entityType="Participant" unit="" mimeType="" referencedEntityType="" index="0">
    <attributes>
      <attribute name="Source" namespace="Mlstr_area" valueType="text">Physical measure</attribute>
      <attribute name="Physical_measures" namespace="Mlstr_area" valueType="text">Circulation_respiration</attribute>
      <attribute name="Target" namespace="Mlstr_area" valueType="text">Participant</attribute>
      <attribute name="label" valueType="text" locale="en">T-WAVE ITEMS (5.1)</attribute>
      <attribute name="CHECK" valueType="text">COUNTIF(I820:Y820,&quot;*&quot;)</attribute>
    </attributes>
    <categories>
      <category name="0">
        <attributes>
          <attribute name="label" valueType="text" locale="en">No</attribute>
        </attributes>
      </category>
      <category name="1">
        <attributes>
          <attribute name="label" valueType="text" locale="en">Yes</attribute>
        </attributes>
      </category>
    </categories>
  </variable>
  <variable name="V726Y" valueType="integer" entityType="Participant" unit="" mimeType="" referencedEntityType="" index="0">
    <attributes>
      <attribute name="Source" namespace="Mlstr_area" valueType="text">Physical measure</attribute>
      <attribute name="Physical_measures" namespace="Mlstr_area" valueType="text">Circulation_respiration</attribute>
      <attribute name="Target" namespace="Mlstr_area" valueType="text">Participant</attribute>
      <attribute name="label" valueType="text" locale="en">T-WAVE ITEMS (5.2)</attribute>
      <attribute name="CHECK" valueType="text">COUNTIF(I825:Y825,&quot;*&quot;)</attribute>
    </attributes>
    <categories>
      <category name="0">
        <attributes>
          <attribute name="label" valueType="text" locale="en">No</attribute>
        </attributes>
      </category>
      <category name="1">
        <attributes>
          <attribute name="label" valueType="text" locale="en">Yes</attribute>
        </attributes>
      </category>
    </categories>
  </variable>
  <variable name="V726Z" valueType="integer" entityType="Participant" unit="" mimeType="" referencedEntityType="" index="0">
    <attributes>
      <attribute name="Source" namespace="Mlstr_area" valueType="text">Physical measure</attribute>
      <attribute name="Physical_measures" namespace="Mlstr_area" valueType="text">Circulation_respiration</attribute>
      <attribute name="Target" namespace="Mlstr_area" valueType="text">Participant</attribute>
      <attribute name="label" valueType="text" locale="en">T-WAVE ITEMS (5.3)</attribute>
      <attribute name="CHECK" valueType="text">COUNTIF(I827:Y827,&quot;*&quot;)</attribute>
    </attributes>
    <categories>
      <category name="0">
        <attributes>
          <attribute name="label" valueType="text" locale="en">No</attribute>
        </attributes>
      </category>
      <category name="1">
        <attributes>
          <attribute name="label" valueType="text" locale="en">Yes</attribute>
        </attributes>
      </category>
    </categories>
  </variable>
  <variable name="V818" valueType="integer" entityType="Participant" unit="mg/µmol" mimeType="" referencedEntityType="" index="0">
    <attributes>
      <attribute name="Source" namespace="Mlstr_area" valueType="text">Biosample</attribute>
      <attribute name="Laboratory_measures" namespace="Mlstr_areas" valueType="text">Biochemistry</attribute>
      <attribute name="Target" namespace="Mlstr_area" valueType="text">Participant</attribute>
      <attribute name="label" valueType="text" locale="en">Urine albumin/creatinine ratio</attribute>
      <attribute name="CHECK" valueType="text">COUNTIF(I829:Y829,&quot;*&quot;)</attribute>
    </attributes>
  </variable>
  <variable name="V646" valueType="integer" entityType="Participant" unit="mmol/l" mimeType="" referencedEntityType="" index="0">
    <attributes>
      <attribute name="Source" namespace="Mlstr_area" valueType="text">Biosample</attribute>
      <attribute name="Laboratory_measures" namespace="Mlstr_areas" valueType="text">Biochemistry</attribute>
      <attribute name="Target" namespace="Mlstr_area" valueType="text">Participant</attribute>
      <attribute name="label" valueType="text" locale="en">URINE CREATININE</attribute>
      <attribute name="CHECK" valueType="text">COUNTIF(I830:Y830,&quot;*&quot;)</attribute>
    </attributes>
  </variable>
  <variable name="V809" valueType="integer" entityType="Participant" unit="mg/L" mimeType="" referencedEntityType="" index="0">
    <attributes>
      <attribute name="Source" namespace="Mlstr_area" valueType="text">Biosample</attribute>
      <attribute name="Laboratory_measures" namespace="Mlstr_areas" valueType="text">Biochemistry</attribute>
      <attribute name="Target" namespace="Mlstr_area" valueType="text">Participant</attribute>
      <attribute name="label" valueType="text" locale="en">Urine cystatin C</attribute>
      <attribute name="CHECK" valueType="text">COUNTIF(I831:Y831,&quot;*&quot;)</attribute>
    </attributes>
  </variable>
  <variable name="V821" valueType="integer" entityType="Participant" unit="mg/L" mimeType="" referencedEntityType="" index="0">
    <attributes>
      <attribute name="Source" namespace="Mlstr_area" valueType="text">Biosample</attribute>
      <attribute name="Laboratory_measures" namespace="Mlstr_areas" valueType="text">Biochemistry</attribute>
      <attribute name="Target" namespace="Mlstr_area" valueType="text">Participant</attribute>
      <attribute name="label" valueType="text" locale="en">Urine Hemocue albumin</attribute>
      <attribute name="CHECK" valueType="text">COUNTIF(I832:Y832,&quot;*&quot;)</attribute>
    </attributes>
  </variable>
  <variable name="V822" valueType="integer" entityType="Participant" unit="pg/mL" mimeType="" referencedEntityType="" index="0">
    <attributes>
      <attribute name="Source" namespace="Mlstr_area" valueType="text">Biosample</attribute>
      <attribute name="Laboratory_measures" namespace="Mlstr_areas" valueType="text">Biochemistry</attribute>
      <attribute name="Target" namespace="Mlstr_area" valueType="text">Participant</attribute>
      <attribute name="label" valueType="text" locale="en">Urine kidney injury molecule-1 (KIM-1)</attribute>
      <attribute name="CHECK" valueType="text">COUNTIF(I833:Y833,&quot;*&quot;)</attribute>
    </attributes>
  </variable>
  <variable name="V823" valueType="integer" entityType="Participant" unit="pg/mL" mimeType="" referencedEntityType="" index="0">
    <attributes>
      <attribute name="Source" namespace="Mlstr_area" valueType="text">Biosample</attribute>
      <attribute name="Laboratory_measures" namespace="Mlstr_areas" valueType="text">Biochemistry</attribute>
      <attribute name="Target" namespace="Mlstr_area" valueType="text">Participant</attribute>
      <attribute name="label" valueType="text" locale="en">Urine neutrophil gelatinase-associated lipocalin (NGAL)</attribute>
      <attribute name="CHECK" valueType="text">COUNTIF(I834:Y834,&quot;*&quot;)</attribute>
    </attributes>
  </variable>
  <variable name="V817" valueType="integer" entityType="Participant" unit="mg/L" mimeType="" referencedEntityType="" index="0">
    <attributes>
      <attribute name="Source" namespace="Mlstr_area" valueType="text">Biosample</attribute>
      <attribute name="Laboratory_measures" namespace="Mlstr_areas" valueType="text">Biochemistry</attribute>
      <attribute name="Target" namespace="Mlstr_area" valueType="text">Participant</attribute>
      <attribute name="label" valueType="text" locale="en">Urine ProSpec albumin</attribute>
      <attribute name="CHECK" valueType="text">COUNTIF(I835:Y835,&quot;*&quot;)</attribute>
    </attributes>
  </variable>
  <variable name="V729" valueType="integer" entityType="Participant" unit="" mimeType="" referencedEntityType="" index="0">
    <attributes>
      <attribute name="Source" namespace="Mlstr_area" valueType="text">Physical measure</attribute>
      <attribute name="Physical_measures" namespace="Mlstr_area" valueType="text">Circulation_respiration</attribute>
      <attribute name="Target" namespace="Mlstr_area" valueType="text">Participant</attribute>
      <attribute name="label" valueType="text" locale="en">VENTR. CONDUCTION DEFECTS (7.X)</attribute>
      <attribute name="CHECK" valueType="text">COUNTIF(I839:Y839,&quot;*&quot;)</attribute>
    </attributes>
    <categories>
      <category name="0">
        <attributes>
          <attribute name="label" valueType="text" locale="en">No</attribute>
        </attributes>
      </category>
      <category name="1">
        <attributes>
          <attribute name="label" valueType="text" locale="en">Yes</attribute>
        </attributes>
      </category>
    </categories>
  </variable>
  <variable name="V974" valueType="integer" entityType="Participant" unit="" mimeType="" referencedEntityType="" index="0">
    <attributes>
      <attribute name="Source" namespace="Mlstr_area" valueType="text">Physical measure</attribute>
      <attribute name="Physical_measures" namespace="Mlstr_area" valueType="text">Anthropo_measures</attribute>
      <attribute name="Target" namespace="Mlstr_area" valueType="text">Participant</attribute>
      <attribute name="label" valueType="text" locale="en">WAIST / HIP RATIO</attribute>
      <attribute name="CHECK" valueType="text">COUNTIF(I843:Y843,&quot;*&quot;)</attribute>
    </attributes>
  </variable>
  <variable name="V020" valueType="integer" entityType="Participant" unit="cm" mimeType="" referencedEntityType="" index="0">
    <attributes>
      <attribute name="Source" namespace="Mlstr_area" valueType="text">Physical measure</attribute>
      <attribute name="Physical_measures" namespace="Mlstr_area" valueType="text">Anthropo_measures</attribute>
      <attribute name="Target" namespace="Mlstr_area" valueType="text">Participant</attribute>
      <attribute name="label" valueType="text" locale="en">WAIST CIRCUMF.</attribute>
      <attribute name="CHECK" valueType="text">COUNTIF(I848:Y848,&quot;*&quot;)</attribute>
    </attributes>
  </variable>
  <variable name="V011" valueType="integer" entityType="Participant" unit="kg" mimeType="" referencedEntityType="" index="0">
    <attributes>
      <attribute name="Source" namespace="Mlstr_area" valueType="text">Physical measure</attribute>
      <attribute name="Physical_measures" namespace="Mlstr_area" valueType="text">Anthropo_measures</attribute>
      <attribute name="Target" namespace="Mlstr_area" valueType="text">Participant</attribute>
      <attribute name="label" valueType="text" locale="en">WEIGHT</attribute>
      <attribute name="CHECK" valueType="text">COUNTIF(I855:Y855,&quot;*&quot;)</attribute>
    </attributes>
  </variable>
</variables>